seed,family,threshold,support,tp,fp,tn,fn,precision,recall,f1,none_support,none_false_activation,none_false_activation_rate
seed42,x_mark,0.05,25,25,110,67,0,0.1852,1.0,0.3125,103,63,0.6117
seed42,x_mark,0.1,25,25,88,89,0,0.2212,1.0,0.3623,103,45,0.4369
seed42,x_mark,0.15,25,20,68,109,5,0.2273,0.8,0.354,103,43,0.4175
seed42,x_mark,0.2,25,20,47,130,5,0.2985,0.8,0.4348,103,31,0.301
seed42,x_mark,0.25,25,20,37,140,5,0.3509,0.8,0.4878,103,23,0.2233
seed42,x_mark,0.3,25,20,32,145,5,0.3846,0.8,0.5195,103,21,0.2039
seed42,x_mark,0.35,25,19,29,148,6,0.3958,0.76,0.5205,103,21,0.2039
seed42,x_mark,0.4,25,19,13,164,6,0.5938,0.76,0.6667,103,6,0.0583
seed42,x_mark,0.45,25,19,13,164,6,0.5938,0.76,0.6667,103,6,0.0583
seed42,x_mark,0.5,25,19,9,168,6,0.6786,0.76,0.717,103,4,0.0388
seed42,x_mark,0.55,25,19,2,175,6,0.9048,0.76,0.8261,103,0,0.0
seed42,x_mark,0.6,25,16,1,176,9,0.9412,0.64,0.7619,103,0,0.0
seed42,x_mark,0.65,25,16,1,176,9,0.9412,0.64,0.7619,103,0,0.0
seed42,x_mark,0.7,25,16,1,176,9,0.9412,0.64,0.7619,103,0,0.0
seed42,x_mark,0.75,25,16,1,176,9,0.9412,0.64,0.7619,103,0,0.0
seed42,x_mark,0.8,25,13,1,176,12,0.9286,0.52,0.6667,103,0,0.0
seed42,x_mark,0.85,25,12,1,176,13,0.9231,0.48,0.6316,103,0,0.0
seed42,x_mark,0.9,25,12,1,176,13,0.9231,0.48,0.6316,103,0,0.0
seed42,x_mark,0.95,25,10,0,177,15,1.0,0.4,0.5714,103,0,0.0
seed42,play_triangle,0.05,16,16,60,126,0,0.2105,1.0,0.3478,103,36,0.3495
seed42,play_triangle,0.1,16,16,52,134,0,0.2353,1.0,0.381,103,32,0.3107
seed42,play_triangle,0.15,16,16,38,148,0,0.2963,1.0,0.4571,103,23,0.2233
seed42,play_triangle,0.2,16,16,28,158,0,0.3636,1.0,0.5333,103,19,0.1845
seed42,play_triangle,0.25,16,16,20,166,0,0.4444,1.0,0.6154,103,19,0.1845
seed42,play_triangle,0.3,16,16,18,168,0,0.4706,1.0,0.64,103,17,0.165
seed42,play_triangle,0.35,16,14,16,170,2,0.4667,0.875,0.6087,103,15,0.1456
seed42,play_triangle,0.4,16,14,16,170,2,0.4667,0.875,0.6087,103,15,0.1456
seed42,play_triangle,0.45,16,14,1,185,2,0.9333,0.875,0.9032,103,0,0.0
seed42,play_triangle,0.5,16,14,1,185,2,0.9333,0.875,0.9032,103,0,0.0
seed42,play_triangle,0.55,16,14,1,185,2,0.9333,0.875,0.9032,103,0,0.0
seed42,play_triangle,0.6,16,14,1,185,2,0.9333,0.875,0.9032,103,0,0.0
seed42,play_triangle,0.65,16,14,1,185,2,0.9333,0.875,0.9032,103,0,0.0
seed42,play_triangle,0.7,16,14,1,185,2,0.9333,0.875,0.9032,103,0,0.0
seed42,play_triangle,0.75,16,14,1,185,2,0.9333,0.875,0.9032,103,0,0.0
seed42,play_triangle,0.8,16,14,1,185,2,0.9333,0.875,0.9032,103,0,0.0
seed42,play_triangle,0.85,16,14,1,185,2,0.9333,0.875,0.9032,103,0,0.0
seed42,play_triangle,0.9,16,14,1,185,2,0.9333,0.875,0.9032,103,0,0.0
seed42,play_triangle,0.95,16,5,0,186,11,1.0,0.3125,0.4762,103,0,0.0
seed42,google_play,0.05,1,1,71,130,0,0.0139,1.0,0.0274,103,33,0.3204
seed42,google_play,0.1,1,1,47,154,0,0.0208,1.0,0.0408,103,27,0.2621
seed42,google_play,0.15,1,1,24,177,0,0.04,1.0,0.0769,103,17,0.165
seed42,google_play,0.2,1,1,20,181,0,0.0476,1.0,0.0909,103,17,0.165
seed42,google_play,0.25,1,1,18,183,0,0.0526,1.0,0.1,103,17,0.165
seed42,google_play,0.3,1,1,18,183,0,0.0526,1.0,0.1,103,17,0.165
seed42,google_play,0.35,1,1,16,185,0,0.0588,1.0,0.1111,103,15,0.1456
seed42,google_play,0.4,1,1,2,199,0,0.3333,1.0,0.5,103,2,0.0194
seed42,google_play,0.45,1,1,0,201,0,1.0,1.0,1.0,103,0,0.0
seed42,google_play,0.5,1,1,0,201,0,1.0,1.0,1.0,103,0,0.0
seed42,google_play,0.55,1,1,0,201,0,1.0,1.0,1.0,103,0,0.0
seed42,google_play,0.6,1,1,0,201,0,1.0,1.0,1.0,103,0,0.0
seed42,google_play,0.65,1,1,0,201,0,1.0,1.0,1.0,103,0,0.0
seed42,google_play,0.7,1,1,0,201,0,1.0,1.0,1.0,103,0,0.0
seed42,google_play,0.75,1,1,0,201,0,1.0,1.0,1.0,103,0,0.0
seed42,google_play,0.8,1,0,0,201,1,0.0,0.0,0.0,103,0,0.0
seed42,google_play,0.85,1,0,0,201,1,0.0,0.0,0.0,103,0,0.0
seed42,google_play,0.9,1,0,0,201,1,0.0,0.0,0.0,103,0,0.0
seed42,google_play,0.95,1,0,0,201,1,0.0,0.0,0.0,103,0,0.0
seed42,next,0.05,1,1,146,55,0,0.0068,1.0,0.0135,103,72,0.699
seed42,next,0.1,1,1,89,112,0,0.0111,1.0,0.022,103,37,0.3592
seed42,next,0.15,1,1,72,129,0,0.0137,1.0,0.027,103,28,0.2718
seed42,next,0.2,1,1,61,140,0,0.0161,1.0,0.0317,103,21,0.2039
seed42,next,0.25,1,1,53,148,0,0.0185,1.0,0.0364,103,19,0.1845
seed42,next,0.3,1,1,41,160,0,0.0238,1.0,0.0465,103,19,0.1845
seed42,next,0.35,1,1,41,160,0,0.0238,1.0,0.0465,103,19,0.1845
seed42,next,0.4,1,1,35,166,0,0.0278,1.0,0.0541,103,17,0.165
seed42,next,0.45,1,1,15,186,0,0.0625,1.0,0.1176,103,4,0.0388
seed42,next,0.5,1,1,11,190,0,0.0833,1.0,0.1538,103,0,0.0
seed42,next,0.55,1,1,10,191,0,0.0909,1.0,0.1667,103,0,0.0
seed42,next,0.6,1,0,8,193,1,0.0,0.0,0.0,103,0,0.0
seed42,next,0.65,1,0,1,200,1,0.0,0.0,0.0,103,0,0.0
seed42,next,0.7,1,0,0,201,1,0.0,0.0,0.0,103,0,0.0
seed42,next,0.75,1,0,0,201,1,0.0,0.0,0.0,103,0,0.0
seed42,next,0.8,1,0,0,201,1,0.0,0.0,0.0,103,0,0.0
seed42,next,0.85,1,0,0,201,1,0.0,0.0,0.0,103,0,0.0
seed42,next,0.9,1,0,0,201,1,0.0,0.0,0.0,103,0,0.0
seed42,next,0.95,1,0,0,201,1,0.0,0.0,0.0,103,0,0.0
seed42,free,0.05,18,18,86,98,0,0.1731,1.0,0.2951,103,39,0.3786
seed42,free,0.1,18,18,51,133,0,0.2609,1.0,0.4138,103,31,0.301
seed42,free,0.15,18,17,27,157,1,0.3864,0.9444,0.5484,103,19,0.1845
seed42,free,0.2,18,17,24,160,1,0.4146,0.9444,0.5763,103,17,0.165
seed42,free,0.25,18,17,20,164,1,0.4595,0.9444,0.6182,103,17,0.165
seed42,free,0.3,18,17,20,164,1,0.4595,0.9444,0.6182,103,17,0.165
seed42,free,0.35,18,17,18,166,1,0.4857,0.9444,0.6415,103,15,0.1456
seed42,free,0.4,18,17,16,168,1,0.5152,0.9444,0.6667,103,13,0.1262
seed42,free,0.45,18,17,15,169,1,0.5312,0.9444,0.68,103,13,0.1262
seed42,free,0.5,18,16,15,169,2,0.5161,0.8889,0.6531,103,13,0.1262
seed42,free,0.55,18,16,2,182,2,0.8889,0.8889,0.8889,103,0,0.0
seed42,free,0.6,18,16,2,182,2,0.8889,0.8889,0.8889,103,0,0.0
seed42,free,0.65,18,16,0,184,2,1.0,0.8889,0.9412,103,0,0.0
seed42,free,0.7,18,16,0,184,2,1.0,0.8889,0.9412,103,0,0.0
seed42,free,0.75,18,16,0,184,2,1.0,0.8889,0.9412,103,0,0.0
seed42,free,0.8,18,16,0,184,2,1.0,0.8889,0.9412,103,0,0.0
seed42,free,0.85,18,16,0,184,2,1.0,0.8889,0.9412,103,0,0.0
seed42,free,0.9,18,16,0,184,2,1.0,0.8889,0.9412,103,0,0.0
seed42,free,0.95,18,16,0,184,2,1.0,0.8889,0.9412,103,0,0.0
seed42,got,0.05,27,27,54,121,0,0.3333,1.0,0.5,103,28,0.2718
seed42,got,0.1,27,27,27,148,0,0.5,1.0,0.6667,103,17,0.165
seed42,got,0.15,27,27,14,161,0,0.6585,1.0,0.7941,103,13,0.1262
seed42,got,0.2,27,27,13,162,0,0.675,1.0,0.806,103,13,0.1262
seed42,got,0.25,27,27,13,162,0,0.675,1.0,0.806,103,13,0.1262
seed42,got,0.3,27,27,0,175,0,1.0,1.0,1.0,103,0,0.0
seed42,got,0.35,27,27,0,175,0,1.0,1.0,1.0,103,0,0.0
seed42,got,0.4,27,27,0,175,0,1.0,1.0,1.0,103,0,0.0
seed42,got,0.45,27,27,0,175,0,1.0,1.0,1.0,103,0,0.0
seed42,got,0.5,27,27,0,175,0,1.0,1.0,1.0,103,0,0.0
seed42,got,0.55,27,27,0,175,0,1.0,1.0,1.0,103,0,0.0
seed42,got,0.6,27,27,0,175,0,1.0,1.0,1.0,103,0,0.0
seed42,got,0.65,27,27,0,175,0,1.0,1.0,1.0,103,0,0.0
seed42,got,0.7,27,27,0,175,0,1.0,1.0,1.0,103,0,0.0
seed42,got,0.75,27,25,0,175,2,1.0,0.9259,0.9615,103,0,0.0
seed42,got,0.8,27,21,0,175,6,1.0,0.7778,0.875,103,0,0.0
seed42,got,0.85,27,9,0,175,18,1.0,0.3333,0.5,103,0,0.0
seed42,got,0.9,27,3,0,175,24,1.0,0.1111,0.2,103,0,0.0
seed42,got,0.95,27,0,0,175,27,0.0,0.0,0.0,103,0,0.0
seed42,arrow,0.05,11,10,124,67,1,0.0746,0.9091,0.1379,103,53,0.5146
seed42,arrow,0.1,11,10,93,98,1,0.0971,0.9091,0.1754,103,41,0.3981
seed42,arrow,0.15,11,9,83,108,2,0.0978,0.8182,0.1748,103,33,0.3204
seed42,arrow,0.2,11,9,75,116,2,0.1071,0.8182,0.1895,103,26,0.2524
seed42,arrow,0.25,11,9,52,139,2,0.1475,0.8182,0.25,103,22,0.2136
seed42,arrow,0.3,11,9,35,156,2,0.2045,0.8182,0.3273,103,7,0.068
seed42,arrow,0.35,11,9,20,171,2,0.3103,0.8182,0.45,103,3,0.0291
seed42,arrow,0.4,11,9,16,175,2,0.36,0.8182,0.5,103,3,0.0291
seed42,arrow,0.45,11,9,12,179,2,0.4286,0.8182,0.5625,103,3,0.0291
seed42,arrow,0.5,11,9,12,179,2,0.4286,0.8182,0.5625,103,3,0.0291
seed42,arrow,0.55,11,9,12,179,2,0.4286,0.8182,0.5625,103,3,0.0291
seed42,arrow,0.6,11,8,9,182,3,0.4706,0.7273,0.5714,103,1,0.0097
seed42,arrow,0.65,11,8,7,184,3,0.5333,0.7273,0.6154,103,1,0.0097
seed42,arrow,0.7,11,8,1,190,3,0.8889,0.7273,0.8,103,1,0.0097
seed42,arrow,0.75,11,8,1,190,3,0.8889,0.7273,0.8,103,1,0.0097
seed42,arrow,0.8,11,8,0,191,3,1.0,0.7273,0.8421,103,0,0.0
seed42,arrow,0.85,11,8,0,191,3,1.0,0.7273,0.8421,103,0,0.0
seed42,arrow,0.9,11,6,0,191,5,1.0,0.5455,0.7059,103,0,0.0
seed42,arrow,0.95,11,2,0,191,9,1.0,0.1818,0.3077,103,0,0.0
seed43,x_mark,0.05,25,25,94,83,0,0.2101,1.0,0.3472,103,56,0.5437
seed43,x_mark,0.1,25,25,50,127,0,0.3333,1.0,0.5,103,32,0.3107
seed43,x_mark,0.15,25,20,43,134,5,0.3175,0.8,0.4545,103,31,0.301
seed43,x_mark,0.2,25,20,34,143,5,0.3704,0.8,0.5063,103,25,0.2427
seed43,x_mark,0.25,25,20,31,146,5,0.3922,0.8,0.5263,103,23,0.2233
seed43,x_mark,0.3,25,20,15,162,5,0.5714,0.8,0.6667,103,8,0.0777
seed43,x_mark,0.35,25,19,14,163,6,0.5758,0.76,0.6552,103,8,0.0777
seed43,x_mark,0.4,25,19,5,172,6,0.7917,0.76,0.7755,103,0,0.0
seed43,x_mark,0.45,25,19,5,172,6,0.7917,0.76,0.7755,103,0,0.0
seed43,x_mark,0.5,25,19,3,174,6,0.8636,0.76,0.8085,103,0,0.0
seed43,x_mark,0.55,25,19,2,175,6,0.9048,0.76,0.8261,103,0,0.0
seed43,x_mark,0.6,25,19,2,175,6,0.9048,0.76,0.8261,103,0,0.0
seed43,x_mark,0.65,25,19,2,175,6,0.9048,0.76,0.8261,103,0,0.0
seed43,x_mark,0.7,25,19,2,175,6,0.9048,0.76,0.8261,103,0,0.0
seed43,x_mark,0.75,25,19,2,175,6,0.9048,0.76,0.8261,103,0,0.0
seed43,x_mark,0.8,25,18,1,176,7,0.9474,0.72,0.8182,103,0,0.0
seed43,x_mark,0.85,25,14,1,176,11,0.9333,0.56,0.7,103,0,0.0
seed43,x_mark,0.9,25,11,1,176,14,0.9167,0.44,0.5946,103,0,0.0
seed43,x_mark,0.95,25,11,0,177,14,1.0,0.44,0.6111,103,0,0.0
seed43,play_triangle,0.05,16,16,56,130,0,0.2222,1.0,0.3636,103,34,0.3301
seed43,play_triangle,0.1,16,16,33,153,0,0.3265,1.0,0.4923,103,23,0.2233
seed43,play_triangle,0.15,16,16,26,160,0,0.381,1.0,0.5517,103,23,0.2233
seed43,play_triangle,0.2,16,16,6,180,0,0.7273,1.0,0.8421,103,4,0.0388
seed43,play_triangle,0.25,16,16,3,183,0,0.8421,1.0,0.9143,103,2,0.0194
seed43,play_triangle,0.3,16,16,1,185,0,0.9412,1.0,0.9697,103,0,0.0
seed43,play_triangle,0.35,16,14,1,185,2,0.9333,0.875,0.9032,103,0,0.0
seed43,play_triangle,0.4,16,14,1,185,2,0.9333,0.875,0.9032,103,0,0.0
seed43,play_triangle,0.45,16,14,1,185,2,0.9333,0.875,0.9032,103,0,0.0
seed43,play_triangle,0.5,16,14,1,185,2,0.9333,0.875,0.9032,103,0,0.0
seed43,play_triangle,0.55,16,14,1,185,2,0.9333,0.875,0.9032,103,0,0.0
seed43,play_triangle,0.6,16,14,1,185,2,0.9333,0.875,0.9032,103,0,0.0
seed43,play_triangle,0.65,16,14,1,185,2,0.9333,0.875,0.9032,103,0,0.0
seed43,play_triangle,0.7,16,14,1,185,2,0.9333,0.875,0.9032,103,0,0.0
seed43,play_triangle,0.75,16,14,1,185,2,0.9333,0.875,0.9032,103,0,0.0
seed43,play_triangle,0.8,16,14,1,185,2,0.9333,0.875,0.9032,103,0,0.0
seed43,play_triangle,0.85,16,14,1,185,2,0.9333,0.875,0.9032,103,0,0.0
seed43,play_triangle,0.9,16,14,1,185,2,0.9333,0.875,0.9032,103,0,0.0
seed43,play_triangle,0.95,16,14,1,185,2,0.9333,0.875,0.9032,103,0,0.0
seed43,google_play,0.05,1,1,78,123,0,0.0127,1.0,0.025,103,37,0.3592
seed43,google_play,0.1,1,1,57,144,0,0.0172,1.0,0.0339,103,23,0.2233
seed43,google_play,0.15,1,1,25,176,0,0.0385,1.0,0.0741,103,6,0.0583
seed43,google_play,0.2,1,1,9,192,0,0.1,1.0,0.1818,103,4,0.0388
seed43,google_play,0.25,1,1,6,195,0,0.1429,1.0,0.25,103,4,0.0388
seed43,google_play,0.3,1,1,6,195,0,0.1429,1.0,0.25,103,4,0.0388
seed43,google_play,0.35,1,1,6,195,0,0.1429,1.0,0.25,103,4,0.0388
seed43,google_play,0.4,1,1,2,199,0,0.3333,1.0,0.5,103,2,0.0194
seed43,google_play,0.45,1,1,2,199,0,0.3333,1.0,0.5,103,2,0.0194
seed43,google_play,0.5,1,1,2,199,0,0.3333,1.0,0.5,103,2,0.0194
seed43,google_play,0.55,1,1,0,201,0,1.0,1.0,1.0,103,0,0.0
seed43,google_play,0.6,1,1,0,201,0,1.0,1.0,1.0,103,0,0.0
seed43,google_play,0.65,1,1,0,201,0,1.0,1.0,1.0,103,0,0.0
seed43,google_play,0.7,1,1,0,201,0,1.0,1.0,1.0,103,0,0.0
seed43,google_play,0.75,1,1,0,201,0,1.0,1.0,1.0,103,0,0.0
seed43,google_play,0.8,1,1,0,201,0,1.0,1.0,1.0,103,0,0.0
seed43,google_play,0.85,1,1,0,201,0,1.0,1.0,1.0,103,0,0.0
seed43,google_play,0.9,1,1,0,201,0,1.0,1.0,1.0,103,0,0.0
seed43,google_play,0.95,1,0,0,201,1,0.0,0.0,0.0,103,0,0.0
seed43,next,0.05,1,1,121,80,0,0.0082,1.0,0.0163,103,50,0.4854
seed43,next,0.1,1,1,75,126,0,0.0132,1.0,0.026,103,27,0.2621
seed43,next,0.15,1,1,54,147,0,0.0182,1.0,0.0357,103,13,0.1262
seed43,next,0.2,1,1,34,167,0,0.0286,1.0,0.0556,103,6,0.0583
seed43,next,0.25,1,1,30,171,0,0.0323,1.0,0.0625,103,6,0.0583
seed43,next,0.3,1,1,24,177,0,0.04,1.0,0.0769,103,6,0.0583
seed43,next,0.35,1,1,20,181,0,0.0476,1.0,0.0909,103,4,0.0388
seed43,next,0.4,1,1,15,186,0,0.0625,1.0,0.1176,103,4,0.0388
seed43,next,0.45,1,1,12,189,0,0.0769,1.0,0.1429,103,4,0.0388
seed43,next,0.5,1,0,6,195,1,0.0,0.0,0.0,103,4,0.0388
seed43,next,0.55,1,0,6,195,1,0.0,0.0,0.0,103,4,0.0388
seed43,next,0.6,1,0,2,199,1,0.0,0.0,0.0,103,0,0.0
seed43,next,0.65,1,0,2,199,1,0.0,0.0,0.0,103,0,0.0
seed43,next,0.7,1,0,1,200,1,0.0,0.0,0.0,103,0,0.0
seed43,next,0.75,1,0,1,200,1,0.0,0.0,0.0,103,0,0.0
seed43,next,0.8,1,0,1,200,1,0.0,0.0,0.0,103,0,0.0
seed43,next,0.85,1,0,0,201,1,0.0,0.0,0.0,103,0,0.0
seed43,next,0.9,1,0,0,201,1,0.0,0.0,0.0,103,0,0.0
seed43,next,0.95,1,0,0,201,1,0.0,0.0,0.0,103,0,0.0
seed43,free,0.05,18,18,66,118,0,0.2143,1.0,0.3529,103,32,0.3107
seed43,free,0.1,18,18,41,143,0,0.3051,1.0,0.4675,103,23,0.2233
seed43,free,0.15,18,17,28,156,1,0.3778,0.9444,0.5397,103,23,0.2233
seed43,free,0.2,18,17,18,166,1,0.4857,0.9444,0.6415,103,15,0.1456
seed43,free,0.25,18,17,3,181,1,0.85,0.9444,0.8947,103,0,0.0
seed43,free,0.3,18,17,3,181,1,0.85,0.9444,0.8947,103,0,0.0
seed43,free,0.35,18,17,3,181,1,0.85,0.9444,0.8947,103,0,0.0
seed43,free,0.4,18,17,3,181,1,0.85,0.9444,0.8947,103,0,0.0
seed43,free,0.45,18,17,2,182,1,0.8947,0.9444,0.9189,103,0,0.0
seed43,free,0.5,18,17,2,182,1,0.8947,0.9444,0.9189,103,0,0.0
seed43,free,0.55,18,17,2,182,1,0.8947,0.9444,0.9189,103,0,0.0
seed43,free,0.6,18,16,2,182,2,0.8889,0.8889,0.8889,103,0,0.0
seed43,free,0.65,18,16,2,182,2,0.8889,0.8889,0.8889,103,0,0.0
seed43,free,0.7,18,16,2,182,2,0.8889,0.8889,0.8889,103,0,0.0
seed43,free,0.75,18,16,0,184,2,1.0,0.8889,0.9412,103,0,0.0
seed43,free,0.8,18,16,0,184,2,1.0,0.8889,0.9412,103,0,0.0
seed43,free,0.85,18,16,0,184,2,1.0,0.8889,0.9412,103,0,0.0
seed43,free,0.9,18,16,0,184,2,1.0,0.8889,0.9412,103,0,0.0
seed43,free,0.95,18,16,0,184,2,1.0,0.8889,0.9412,103,0,0.0
seed43,got,0.05,27,27,41,134,0,0.3971,1.0,0.5684,103,28,0.2718
seed43,got,0.1,27,27,11,164,0,0.7105,1.0,0.8308,103,4,0.0388
seed43,got,0.15,27,27,7,168,0,0.7941,1.0,0.8852,103,2,0.0194
seed43,got,0.2,27,27,2,173,0,0.931,1.0,0.9643,103,2,0.0194
seed43,got,0.25,27,27,2,173,0,0.931,1.0,0.9643,103,2,0.0194
seed43,got,0.3,27,27,0,175,0,1.0,1.0,1.0,103,0,0.0
seed43,got,0.35,27,27,0,175,0,1.0,1.0,1.0,103,0,0.0
seed43,got,0.4,27,27,0,175,0,1.0,1.0,1.0,103,0,0.0
seed43,got,0.45,27,27,0,175,0,1.0,1.0,1.0,103,0,0.0
seed43,got,0.5,27,27,0,175,0,1.0,1.0,1.0,103,0,0.0
seed43,got,0.55,27,27,0,175,0,1.0,1.0,1.0,103,0,0.0
seed43,got,0.6,27,27,0,175,0,1.0,1.0,1.0,103,0,0.0
seed43,got,0.65,27,27,0,175,0,1.0,1.0,1.0,103,0,0.0
seed43,got,0.7,27,27,0,175,0,1.0,1.0,1.0,103,0,0.0
seed43,got,0.75,27,27,0,175,0,1.0,1.0,1.0,103,0,0.0
seed43,got,0.8,27,27,0,175,0,1.0,1.0,1.0,103,0,0.0
seed43,got,0.85,27,27,0,175,0,1.0,1.0,1.0,103,0,0.0
seed43,got,0.9,27,25,0,175,2,1.0,0.9259,0.9615,103,0,0.0
seed43,got,0.95,27,17,0,175,10,1.0,0.6296,0.7727,103,0,0.0
seed43,arrow,0.05,11,11,108,83,0,0.0924,1.0,0.1692,103,53,0.5146
seed43,arrow,0.1,11,11,80,111,0,0.1209,1.0,0.2157,103,36,0.3495
seed43,arrow,0.15,11,10,67,124,1,0.1299,0.9091,0.2273,103,32,0.3107
seed43,arrow,0.2,11,9,58,133,2,0.1343,0.8182,0.2308,103,24,0.233
seed43,arrow,0.25,11,9,40,151,2,0.1837,0.8182,0.3,103,7,0.068
seed43,arrow,0.3,11,9,22,169,2,0.2903,0.8182,0.4286,103,7,0.068
seed43,arrow,0.35,11,9,19,172,2,0.3214,0.8182,0.4615,103,7,0.068
seed43,arrow,0.4,11,9,12,179,2,0.4286,0.8182,0.5625,103,3,0.0291
seed43,arrow,0.45,11,9,11,180,2,0.45,0.8182,0.5806,103,3,0.0291
seed43,arrow,0.5,11,9,11,180,2,0.45,0.8182,0.5806,103,3,0.0291
seed43,arrow,0.55,11,9,10,181,2,0.4737,0.8182,0.6,103,2,0.0194
seed43,arrow,0.6,11,9,5,186,2,0.6429,0.8182,0.72,103,0,0.0
seed43,arrow,0.65,11,9,0,191,2,1.0,0.8182,0.9,103,0,0.0
seed43,arrow,0.7,11,9,0,191,2,1.0,0.8182,0.9,103,0,0.0
seed43,arrow,0.75,11,9,0,191,2,1.0,0.8182,0.9,103,0,0.0
seed43,arrow,0.8,11,8,0,191,3,1.0,0.7273,0.8421,103,0,0.0
seed43,arrow,0.85,11,8,0,191,3,1.0,0.7273,0.8421,103,0,0.0
seed43,arrow,0.9,11,8,0,191,3,1.0,0.7273,0.8421,103,0,0.0
seed43,arrow,0.95,11,6,0,191,5,1.0,0.5455,0.7059,103,0,0.0
seed44,x_mark,0.05,25,25,115,62,0,0.1786,1.0,0.303,103,59,0.5728
seed44,x_mark,0.1,25,25,77,100,0,0.2451,1.0,0.3937,103,41,0.3981
seed44,x_mark,0.15,25,25,42,135,0,0.3731,1.0,0.5435,103,31,0.301
seed44,x_mark,0.2,25,20,40,137,5,0.3333,0.8,0.4706,103,31,0.301
seed44,x_mark,0.25,25,19,35,142,6,0.3519,0.76,0.481,103,27,0.2621
seed44,x_mark,0.3,25,19,14,163,6,0.5758,0.76,0.6552,103,8,0.0777
seed44,x_mark,0.35,25,19,11,166,6,0.6333,0.76,0.6909,103,6,0.0583
seed44,x_mark,0.4,25,19,7,170,6,0.7308,0.76,0.7451,103,2,0.0194
seed44,x_mark,0.45,25,19,5,172,6,0.7917,0.76,0.7755,103,2,0.0194
seed44,x_mark,0.5,25,19,3,174,6,0.8636,0.76,0.8085,103,0,0.0
seed44,x_mark,0.55,25,17,2,175,8,0.8947,0.68,0.7727,103,0,0.0
seed44,x_mark,0.6,25,16,2,175,9,0.8889,0.64,0.7442,103,0,0.0
seed44,x_mark,0.65,25,16,2,175,9,0.8889,0.64,0.7442,103,0,0.0
seed44,x_mark,0.7,25,16,1,176,9,0.9412,0.64,0.7619,103,0,0.0
seed44,x_mark,0.75,25,14,1,176,11,0.9333,0.56,0.7,103,0,0.0
seed44,x_mark,0.8,25,13,1,176,12,0.9286,0.52,0.6667,103,0,0.0
seed44,x_mark,0.85,25,13,1,176,12,0.9286,0.52,0.6667,103,0,0.0
seed44,x_mark,0.9,25,10,1,176,15,0.9091,0.4,0.5556,103,0,0.0
seed44,x_mark,0.95,25,10,0,177,15,1.0,0.4,0.5714,103,0,0.0
seed44,play_triangle,0.05,16,16,43,143,0,0.2712,1.0,0.4267,103,26,0.2524
seed44,play_triangle,0.1,16,16,30,156,0,0.3478,1.0,0.5161,103,19,0.1845
seed44,play_triangle,0.15,16,16,26,160,0,0.381,1.0,0.5517,103,19,0.1845
seed44,play_triangle,0.2,16,16,6,180,0,0.7273,1.0,0.8421,103,4,0.0388
seed44,play_triangle,0.25,16,14,5,181,2,0.7368,0.875,0.8,103,4,0.0388
seed44,play_triangle,0.3,16,14,3,183,2,0.8235,0.875,0.8485,103,2,0.0194
seed44,play_triangle,0.35,16,14,1,185,2,0.9333,0.875,0.9032,103,0,0.0
seed44,play_triangle,0.4,16,14,1,185,2,0.9333,0.875,0.9032,103,0,0.0
seed44,play_triangle,0.45,16,14,1,185,2,0.9333,0.875,0.9032,103,0,0.0
seed44,play_triangle,0.5,16,14,1,185,2,0.9333,0.875,0.9032,103,0,0.0
seed44,play_triangle,0.55,16,14,1,185,2,0.9333,0.875,0.9032,103,0,0.0
seed44,play_triangle,0.6,16,14,1,185,2,0.9333,0.875,0.9032,103,0,0.0
seed44,play_triangle,0.65,16,14,1,185,2,0.9333,0.875,0.9032,103,0,0.0
seed44,play_triangle,0.7,16,14,1,185,2,0.9333,0.875,0.9032,103,0,0.0
seed44,play_triangle,0.75,16,14,1,185,2,0.9333,0.875,0.9032,103,0,0.0
seed44,play_triangle,0.8,16,14,1,185,2,0.9333,0.875,0.9032,103,0,0.0
seed44,play_triangle,0.85,16,14,1,185,2,0.9333,0.875,0.9032,103,0,0.0
seed44,play_triangle,0.9,16,9,1,185,7,0.9,0.5625,0.6923,103,0,0.0
seed44,play_triangle,0.95,16,0,0,186,16,0.0,0.0,0.0,103,0,0.0
seed44,google_play,0.05,1,1,103,98,0,0.0096,1.0,0.019,103,46,0.4466
seed44,google_play,0.1,1,1,60,141,0,0.0164,1.0,0.0323,103,34,0.3301
seed44,google_play,0.15,1,1,39,162,0,0.025,1.0,0.0488,103,26,0.2524
seed44,google_play,0.2,1,1,26,175,0,0.037,1.0,0.0714,103,19,0.1845
seed44,google_play,0.25,1,1,22,179,0,0.0435,1.0,0.0833,103,17,0.165
seed44,google_play,0.3,1,1,7,194,0,0.125,1.0,0.2222,103,4,0.0388
seed44,google_play,0.35,1,1,4,197,0,0.2,1.0,0.3333,103,4,0.0388
seed44,google_play,0.4,1,1,4,197,0,0.2,1.0,0.3333,103,4,0.0388
seed44,google_play,0.45,1,1,4,197,0,0.2,1.0,0.3333,103,4,0.0388
seed44,google_play,0.5,1,1,2,199,0,0.3333,1.0,0.5,103,2,0.0194
seed44,google_play,0.55,1,1,2,199,0,0.3333,1.0,0.5,103,2,0.0194
seed44,google_play,0.6,1,1,0,201,0,1.0,1.0,1.0,103,0,0.0
seed44,google_play,0.65,1,1,0,201,0,1.0,1.0,1.0,103,0,0.0
seed44,google_play,0.7,1,1,0,201,0,1.0,1.0,1.0,103,0,0.0
seed44,google_play,0.75,1,1,0,201,0,1.0,1.0,1.0,103,0,0.0
seed44,google_play,0.8,1,0,0,201,1,0.0,0.0,0.0,103,0,0.0
seed44,google_play,0.85,1,0,0,201,1,0.0,0.0,0.0,103,0,0.0
seed44,google_play,0.9,1,0,0,201,1,0.0,0.0,0.0,103,0,0.0
seed44,google_play,0.95,1,0,0,201,1,0.0,0.0,0.0,103,0,0.0
seed44,next,0.05,1,1,129,72,0,0.0077,1.0,0.0153,103,59,0.5728
seed44,next,0.1,1,1,84,117,0,0.0118,1.0,0.0233,103,37,0.3592
seed44,next,0.15,1,1,65,136,0,0.0152,1.0,0.0299,103,25,0.2427
seed44,next,0.2,1,1,55,146,0,0.0179,1.0,0.0351,103,19,0.1845
seed44,next,0.25,1,1,28,173,0,0.0345,1.0,0.0667,103,6,0.0583
seed44,next,0.3,1,1,27,174,0,0.0357,1.0,0.069,103,6,0.0583
seed44,next,0.35,1,1,22,179,0,0.0435,1.0,0.0833,103,4,0.0388
seed44,next,0.4,1,1,21,180,0,0.0455,1.0,0.087,103,4,0.0388
seed44,next,0.45,1,1,21,180,0,0.0455,1.0,0.087,103,4,0.0388
seed44,next,0.5,1,1,20,181,0,0.0476,1.0,0.0909,103,4,0.0388
seed44,next,0.55,1,1,10,191,0,0.0909,1.0,0.1667,103,0,0.0
seed44,next,0.6,1,1,6,195,0,0.1429,1.0,0.25,103,0,0.0
seed44,next,0.65,1,1,1,200,0,0.5,1.0,0.6667,103,0,0.0
seed44,next,0.7,1,1,0,201,0,1.0,1.0,1.0,103,0,0.0
seed44,next,0.75,1,0,0,201,1,0.0,0.0,0.0,103,0,0.0
seed44,next,0.8,1,0,0,201,1,0.0,0.0,0.0,103,0,0.0
seed44,next,0.85,1,0,0,201,1,0.0,0.0,0.0,103,0,0.0
seed44,next,0.9,1,0,0,201,1,0.0,0.0,0.0,103,0,0.0
seed44,next,0.95,1,0,0,201,1,0.0,0.0,0.0,103,0,0.0
seed44,free,0.05,18,18,73,111,0,0.1978,1.0,0.3303,103,41,0.3981
seed44,free,0.1,18,18,52,132,0,0.2571,1.0,0.4091,103,29,0.2816
seed44,free,0.15,18,17,26,158,1,0.3953,0.9444,0.5574,103,21,0.2039
seed44,free,0.2,18,17,20,164,1,0.4595,0.9444,0.6182,103,17,0.165
seed44,free,0.25,18,17,20,164,1,0.4595,0.9444,0.6182,103,17,0.165
seed44,free,0.3,18,17,18,166,1,0.4857,0.9444,0.6415,103,15,0.1456
seed44,free,0.35,18,17,18,166,1,0.4857,0.9444,0.6415,103,15,0.1456
seed44,free,0.4,18,17,15,169,1,0.5312,0.9444,0.68,103,13,0.1262
seed44,free,0.45,18,17,2,182,1,0.8947,0.9444,0.9189,103,0,0.0
seed44,free,0.5,18,17,2,182,1,0.8947,0.9444,0.9189,103,0,0.0
seed44,free,0.55,18,17,2,182,1,0.8947,0.9444,0.9189,103,0,0.0
seed44,free,0.6,18,17,2,182,1,0.8947,0.9444,0.9189,103,0,0.0
seed44,free,0.65,18,16,2,182,2,0.8889,0.8889,0.8889,103,0,0.0
seed44,free,0.7,18,16,2,182,2,0.8889,0.8889,0.8889,103,0,0.0
seed44,free,0.75,18,16,0,184,2,1.0,0.8889,0.9412,103,0,0.0
seed44,free,0.8,18,16,0,184,2,1.0,0.8889,0.9412,103,0,0.0
seed44,free,0.85,18,16,0,184,2,1.0,0.8889,0.9412,103,0,0.0
seed44,free,0.9,18,16,0,184,2,1.0,0.8889,0.9412,103,0,0.0
seed44,free,0.95,18,16,0,184,2,1.0,0.8889,0.9412,103,0,0.0
seed44,got,0.05,27,27,51,124,0,0.3462,1.0,0.5143,103,28,0.2718
seed44,got,0.1,27,27,25,150,0,0.5192,1.0,0.6835,103,22,0.2136
seed44,got,0.15,27,27,4,171,0,0.871,1.0,0.931,103,4,0.0388
seed44,got,0.2,27,27,2,173,0,0.931,1.0,0.9643,103,2,0.0194
seed44,got,0.25,27,27,2,173,0,0.931,1.0,0.9643,103,2,0.0194
seed44,got,0.3,27,27,0,175,0,1.0,1.0,1.0,103,0,0.0
seed44,got,0.35,27,27,0,175,0,1.0,1.0,1.0,103,0,0.0
seed44,got,0.4,27,27,0,175,0,1.0,1.0,1.0,103,0,0.0
seed44,got,0.45,27,27,0,175,0,1.0,1.0,1.0,103,0,0.0
seed44,got,0.5,27,27,0,175,0,1.0,1.0,1.0,103,0,0.0
seed44,got,0.55,27,27,0,175,0,1.0,1.0,1.0,103,0,0.0
seed44,got,0.6,27,27,0,175,0,1.0,1.0,1.0,103,0,0.0
seed44,got,0.65,27,27,0,175,0,1.0,1.0,1.0,103,0,0.0
seed44,got,0.7,27,27,0,175,0,1.0,1.0,1.0,103,0,0.0
seed44,got,0.75,27,27,0,175,0,1.0,1.0,1.0,103,0,0.0
seed44,got,0.8,27,26,0,175,1,1.0,0.963,0.9811,103,0,0.0
seed44,got,0.85,27,23,0,175,4,1.0,0.8519,0.92,103,0,0.0
seed44,got,0.9,27,17,0,175,10,1.0,0.6296,0.7727,103,0,0.0
seed44,got,0.95,27,9,0,175,18,1.0,0.3333,0.5,103,0,0.0
seed44,arrow,0.05,11,10,120,71,1,0.0769,0.9091,0.1418,103,51,0.4951
seed44,arrow,0.1,11,9,90,101,2,0.0909,0.8182,0.1636,103,37,0.3592
seed44,arrow,0.15,11,9,83,108,2,0.0978,0.8182,0.1748,103,34,0.3301
seed44,arrow,0.2,11,9,72,119,2,0.1111,0.8182,0.1957,103,34,0.3301
seed44,arrow,0.25,11,9,63,128,2,0.125,0.8182,0.2169,103,26,0.2524
seed44,arrow,0.3,11,9,49,142,2,0.1552,0.8182,0.2609,103,16,0.1553
seed44,arrow,0.35,11,9,18,173,2,0.3333,0.8182,0.4737,103,3,0.0291
seed44,arrow,0.4,11,9,14,177,2,0.3913,0.8182,0.5294,103,3,0.0291
seed44,arrow,0.45,11,9,11,180,2,0.45,0.8182,0.5806,103,3,0.0291
seed44,arrow,0.5,11,9,11,180,2,0.45,0.8182,0.5806,103,3,0.0291
seed44,arrow,0.55,11,9,11,180,2,0.45,0.8182,0.5806,103,3,0.0291
seed44,arrow,0.6,11,9,9,182,2,0.5,0.8182,0.6207,103,1,0.0097
seed44,arrow,0.65,11,9,6,185,2,0.6,0.8182,0.6923,103,1,0.0097
seed44,arrow,0.7,11,9,0,191,2,1.0,0.8182,0.9,103,0,0.0
seed44,arrow,0.75,11,9,0,191,2,1.0,0.8182,0.9,103,0,0.0
seed44,arrow,0.8,11,9,0,191,2,1.0,0.8182,0.9,103,0,0.0
seed44,arrow,0.85,11,8,0,191,3,1.0,0.7273,0.8421,103,0,0.0
seed44,arrow,0.9,11,7,0,191,4,1.0,0.6364,0.7778,103,0,0.0
seed44,arrow,0.95,11,5,0,191,6,1.0,0.4545,0.625,103,0,0.0
