instance_id,content_id,relative_path,original_path,existing_families,existing_visual_status,suggestion,top_family,top_prob,error,p_x_mark,p_play_triangle,p_google_play,p_next,p_free,p_got,p_arrow
file_7c9178e33b3fff2a,asset_05e39c545c2d589c,vision_platform\ads\collections\reviewed_bbox_crops_20260718\crops\rb_000001.png,D:\Projects\adb_vl\vision_platform\ads\collections\reviewed_bbox_crops_20260718\crops\rb_000001.png,,,negative,play_triangle,0.21762,,0.00357,0.21762,0.00317,0.01057,0.18076,0.01735,0.04312
file_b842a8b9a73e90f9,asset_3ace1f0522c58233,vision_platform\ads\collections\reviewed_bbox_crops_20260718\crops\rb_000002.png,D:\Projects\adb_vl\vision_platform\ads\collections\reviewed_bbox_crops_20260718\crops\rb_000002.png,,,negative,free,0.19961,,0.01482,0.13328,0.00300,0.00883,0.19961,0.02441,0.03553
file_a8bd722b52284058,asset_0a4e900ac50de596,vision_platform\ads\collections\reviewed_bbox_crops_20260718\crops\rb_000003.png,D:\Projects\adb_vl\vision_platform\ads\collections\reviewed_bbox_crops_20260718\crops\rb_000003.png,,,uncertain,free,0.42329,,0.00394,0.33215,0.00490,0.00514,0.42329,0.05081,0.02641
file_923a209eb4157b27,asset_b9f13ebbb5033ec5,vision_platform\ads\collections\reviewed_bbox_crops_20260718\crops\rb_000004.png,D:\Projects\adb_vl\vision_platform\ads\collections\reviewed_bbox_crops_20260718\crops\rb_000004.png,,,uncertain,free,0.41663,,0.01151,0.28337,0.00680,0.00963,0.41663,0.06076,0.05390
file_0567b11b04d3ff7a,asset_d4017dc915fca39d,vision_platform\ads\collections\reviewed_bbox_crops_20260718\crops\rb_000005.png,D:\Projects\adb_vl\vision_platform\ads\collections\reviewed_bbox_crops_20260718\crops\rb_000005.png,,,x_mark,x_mark,0.65667,,0.65667,0.11770,0.06821,0.22299,0.35568,0.18341,0.36400
file_e702683e9176fe8f,asset_0b8ff8911a7f337f,vision_platform\ads\collections\reviewed_bbox_crops_20260718\crops\rb_000006.png,D:\Projects\adb_vl\vision_platform\ads\collections\reviewed_bbox_crops_20260718\crops\rb_000006.png,,,negative,got,0.28470,,0.22110,0.11949,0.05272,0.09763,0.24835,0.28470,0.17598
file_1ab5b7e76dc6affa,asset_dbb710b56346500c,vision_platform\ads\collections\reviewed_bbox_crops_20260718\crops\rb_000007.png,D:\Projects\adb_vl\vision_platform\ads\collections\reviewed_bbox_crops_20260718\crops\rb_000007.png,,,uncertain,free,0.39480,,0.01656,0.26321,0.00425,0.00804,0.39480,0.10759,0.03661
file_8039f8fbabb21ac2,asset_3ace1f0522c58233,vision_platform\ads\collections\reviewed_bbox_crops_20260718\crops\rb_000008.png,D:\Projects\adb_vl\vision_platform\ads\collections\reviewed_bbox_crops_20260718\crops\rb_000008.png,,,negative,free,0.19961,,0.01482,0.13328,0.00300,0.00883,0.19961,0.02441,0.03553
file_7760835d528ca64b,asset_0a4e900ac50de596,vision_platform\ads\collections\reviewed_bbox_crops_20260718\crops\rb_000009.png,D:\Projects\adb_vl\vision_platform\ads\collections\reviewed_bbox_crops_20260718\crops\rb_000009.png,,,uncertain,free,0.42329,,0.00394,0.33215,0.00490,0.00514,0.42329,0.05081,0.02641
file_9ae6b115a3d4a574,asset_b9f13ebbb5033ec5,vision_platform\ads\collections\reviewed_bbox_crops_20260718\crops\rb_000010.png,D:\Projects\adb_vl\vision_platform\ads\collections\reviewed_bbox_crops_20260718\crops\rb_000010.png,,,uncertain,free,0.41663,,0.01151,0.28337,0.00680,0.00963,0.41663,0.06076,0.05390
file_1826db5c62538f61,asset_4c87c089867a99c8,vision_platform\ads\collections\reviewed_bbox_crops_20260718\crops\rb_000011.png,D:\Projects\adb_vl\vision_platform\ads\collections\reviewed_bbox_crops_20260718\crops\rb_000011.png,,,negative,x_mark,0.24577,,0.24577,0.03624,0.02276,0.11326,0.21343,0.06106,0.11788
file_0504a1c09e534466,asset_86b6f2dd24a02f43,vision_platform\ads\collections\reviewed_bbox_crops_20260718\crops\rb_000012.png,D:\Projects\adb_vl\vision_platform\ads\collections\reviewed_bbox_crops_20260718\crops\rb_000012.png,,,negative,got,0.25520,,0.22327,0.09736,0.04355,0.10347,0.21951,0.25520,0.18959
file_0c0ae5517d44b864,asset_05e39c545c2d589c,vision_platform\ads\collections\reviewed_bbox_crops_20260718\crops\rb_000013.png,D:\Projects\adb_vl\vision_platform\ads\collections\reviewed_bbox_crops_20260718\crops\rb_000013.png,,,negative,play_triangle,0.21762,,0.00357,0.21762,0.00317,0.01057,0.18076,0.01735,0.04312
file_36e87ea76755944a,asset_3ace1f0522c58233,vision_platform\ads\collections\reviewed_bbox_crops_20260718\crops\rb_000014.png,D:\Projects\adb_vl\vision_platform\ads\collections\reviewed_bbox_crops_20260718\crops\rb_000014.png,,,negative,free,0.19961,,0.01482,0.13328,0.00300,0.00883,0.19961,0.02441,0.03553
file_d1695a739292094f,asset_0a4e900ac50de596,vision_platform\ads\collections\reviewed_bbox_crops_20260718\crops\rb_000015.png,D:\Projects\adb_vl\vision_platform\ads\collections\reviewed_bbox_crops_20260718\crops\rb_000015.png,,,uncertain,free,0.42329,,0.00394,0.33215,0.00490,0.00514,0.42329,0.05081,0.02641
file_350e5e44d7026bec,asset_f100a9014b2156a1,vision_platform\ads\collections\reviewed_bbox_crops_20260718\crops\rb_000016.png,D:\Projects\adb_vl\vision_platform\ads\collections\reviewed_bbox_crops_20260718\crops\rb_000016.png,,,negative,x_mark,0.15135,,0.15135,0.01192,0.00878,0.06198,0.09281,0.02831,0.07046
file_2529cd8543729086,asset_3339e98614734240,vision_platform\ads\collections\reviewed_bbox_crops_20260718\crops\rb_000017.png,D:\Projects\adb_vl\vision_platform\ads\collections\reviewed_bbox_crops_20260718\crops\rb_000017.png,,,negative,got,0.25680,,0.25251,0.06125,0.02601,0.12629,0.17411,0.25680,0.15944
file_e9ee06a1f16eb507,asset_0f4b94e17468addc,vision_platform\ads\collections\reviewed_bbox_crops_20260718\crops\rb_000018.png,D:\Projects\adb_vl\vision_platform\ads\collections\reviewed_bbox_crops_20260718\crops\rb_000018.png,,,negative,play_triangle,0.20280,,0.00239,0.20280,0.00111,0.00313,0.15279,0.01334,0.00856
file_c2afc230dfb699a0,asset_966793a379a174df,vision_platform\ads\collections\reviewed_bbox_crops_20260718\crops\rb_000019.png,D:\Projects\adb_vl\vision_platform\ads\collections\reviewed_bbox_crops_20260718\crops\rb_000019.png,,,negative,free,0.28684,,0.03820,0.26421,0.01433,0.02111,0.28684,0.14780,0.04979
file_24c0d6de0c1393cc,asset_36d53dd90fea6af5,vision_platform\ads\collections\reviewed_bbox_crops_20260718\crops\rb_000020.png,D:\Projects\adb_vl\vision_platform\ads\collections\reviewed_bbox_crops_20260718\crops\rb_000020.png,,,free,free,0.57668,,0.42347,0.09351,0.12541,0.23803,0.57668,0.24386,0.20592
file_7bdb91d7d8853f5c,asset_64e580b703f7b099,vision_platform\ads\collections\reviewed_bbox_crops_20260718\crops\rb_000021.png,D:\Projects\adb_vl\vision_platform\ads\collections\reviewed_bbox_crops_20260718\crops\rb_000021.png,,,negative,got,0.27272,,0.26766,0.07428,0.03402,0.12477,0.17628,0.27272,0.16443
file_97087fc40d12ee4c,asset_0f4b94e17468addc,vision_platform\ads\collections\reviewed_bbox_crops_20260718\crops\rb_000022.png,D:\Projects\adb_vl\vision_platform\ads\collections\reviewed_bbox_crops_20260718\crops\rb_000022.png,,,negative,play_triangle,0.20280,,0.00239,0.20280,0.00111,0.00313,0.15279,0.01334,0.00856
file_c0732ecb975d0119,asset_4c87c089867a99c8,vision_platform\ads\collections\reviewed_bbox_crops_20260718\crops\rb_000023.png,D:\Projects\adb_vl\vision_platform\ads\collections\reviewed_bbox_crops_20260718\crops\rb_000023.png,,,negative,x_mark,0.24577,,0.24577,0.03624,0.02276,0.11326,0.21343,0.06106,0.11788
file_15ea69f1ca4eff57,asset_263e7f9b0146a7b8,vision_platform\ads\collections\reviewed_bbox_crops_20260718\crops\rb_000024.png,D:\Projects\adb_vl\vision_platform\ads\collections\reviewed_bbox_crops_20260718\crops\rb_000024.png,,,negative,got,0.27048,,0.26098,0.07323,0.03459,0.12065,0.17886,0.27048,0.15488
file_f1adeefce6189721,asset_0f4b94e17468addc,vision_platform\ads\collections\reviewed_bbox_crops_20260718\crops\rb_000025.png,D:\Projects\adb_vl\vision_platform\ads\collections\reviewed_bbox_crops_20260718\crops\rb_000025.png,,,negative,play_triangle,0.20280,,0.00239,0.20280,0.00111,0.00313,0.15279,0.01334,0.00856
file_ab1710fbb3d42a20,asset_36d53dd90fea6af5,vision_platform\ads\collections\reviewed_bbox_crops_20260718\crops\rb_000026.png,D:\Projects\adb_vl\vision_platform\ads\collections\reviewed_bbox_crops_20260718\crops\rb_000026.png,,,free,free,0.57668,,0.42347,0.09351,0.12541,0.23803,0.57668,0.24386,0.20592
file_277c59c085cb6c63,asset_91180915c5701b39,vision_platform\ads\collections\reviewed_bbox_crops_20260718\crops\rb_000027.png,D:\Projects\adb_vl\vision_platform\ads\collections\reviewed_bbox_crops_20260718\crops\rb_000027.png,,,negative,x_mark,0.28579,,0.28579,0.06753,0.03081,0.12801,0.16611,0.27961,0.15019
file_0805ab85dda0d03a,asset_05e39c545c2d589c,vision_platform\ads\collections\reviewed_bbox_crops_20260718\crops\rb_000028.png,D:\Projects\adb_vl\vision_platform\ads\collections\reviewed_bbox_crops_20260718\crops\rb_000028.png,,,negative,play_triangle,0.21762,,0.00357,0.21762,0.00317,0.01057,0.18076,0.01735,0.04312
file_c05d6974c44aedcd,asset_3ace1f0522c58233,vision_platform\ads\collections\reviewed_bbox_crops_20260718\crops\rb_000029.png,D:\Projects\adb_vl\vision_platform\ads\collections\reviewed_bbox_crops_20260718\crops\rb_000029.png,,,negative,free,0.19961,,0.01482,0.13328,0.00300,0.00883,0.19961,0.02441,0.03553
file_1ff07c3709bb8d99,asset_0a4e900ac50de596,vision_platform\ads\collections\reviewed_bbox_crops_20260718\crops\rb_000030.png,D:\Projects\adb_vl\vision_platform\ads\collections\reviewed_bbox_crops_20260718\crops\rb_000030.png,,,uncertain,free,0.42329,,0.00394,0.33215,0.00490,0.00514,0.42329,0.05081,0.02641
file_90977348d878021d,asset_a2b1e091a21628ed,vision_platform\ads\collections\reviewed_bbox_crops_20260718\crops\rb_000031.png,D:\Projects\adb_vl\vision_platform\ads\collections\reviewed_bbox_crops_20260718\crops\rb_000031.png,,,uncertain,free,0.48786,,0.01609,0.25109,0.01466,0.01850,0.48786,0.05760,0.10712
file_5de41a6bf1b64cd8,asset_b2059348cf385652,vision_platform\ads\collections\reviewed_bbox_crops_20260718\crops\rb_000032.png,D:\Projects\adb_vl\vision_platform\ads\collections\reviewed_bbox_crops_20260718\crops\rb_000032.png,,,negative,free,0.29779,,0.14348,0.01262,0.01550,0.04641,0.29779,0.06389,0.04318
file_5f44ff9abab2b6a8,asset_56d6ee45d39394a2,vision_platform\ads\collections\reviewed_bbox_crops_20260718\crops\rb_000033.png,D:\Projects\adb_vl\vision_platform\ads\collections\reviewed_bbox_crops_20260718\crops\rb_000033.png,,,negative,got,0.22159,,0.16899,0.08919,0.03446,0.08237,0.20755,0.22159,0.18329
file_9a3b3a5c024c5b69,asset_05e39c545c2d589c,vision_platform\ads\collections\reviewed_bbox_crops_20260718\crops\rb_000034.png,D:\Projects\adb_vl\vision_platform\ads\collections\reviewed_bbox_crops_20260718\crops\rb_000034.png,,,negative,play_triangle,0.21762,,0.00357,0.21762,0.00317,0.01057,0.18076,0.01735,0.04312
file_411cb0a9ee0c0ec8,asset_3ace1f0522c58233,vision_platform\ads\collections\reviewed_bbox_crops_20260718\crops\rb_000035.png,D:\Projects\adb_vl\vision_platform\ads\collections\reviewed_bbox_crops_20260718\crops\rb_000035.png,,,negative,free,0.19961,,0.01482,0.13328,0.00300,0.00883,0.19961,0.02441,0.03553
file_d52cb9703e9f29ff,asset_0a4e900ac50de596,vision_platform\ads\collections\reviewed_bbox_crops_20260718\crops\rb_000036.png,D:\Projects\adb_vl\vision_platform\ads\collections\reviewed_bbox_crops_20260718\crops\rb_000036.png,,,uncertain,free,0.42329,,0.00394,0.33215,0.00490,0.00514,0.42329,0.05081,0.02641
file_7287e1e31f1fc5de,asset_a2b1e091a21628ed,vision_platform\ads\collections\reviewed_bbox_crops_20260718\crops\rb_000037.png,D:\Projects\adb_vl\vision_platform\ads\collections\reviewed_bbox_crops_20260718\crops\rb_000037.png,,,uncertain,free,0.48786,,0.01609,0.25109,0.01466,0.01850,0.48786,0.05760,0.10712
file_17d3cc87b3c2ec90,asset_0f3b38cb29c91625,vision_platform\ads\collections\reviewed_bbox_crops_20260718\crops\rb_000038.png,D:\Projects\adb_vl\vision_platform\ads\collections\reviewed_bbox_crops_20260718\crops\rb_000038.png,,,uncertain,free,0.49177,,0.36763,0.11096,0.06963,0.15828,0.49177,0.36060,0.24495
file_a8ea73fb4828899e,asset_e590a003cbc9ac92,vision_platform\ads\collections\reviewed_bbox_crops_20260718\crops\rb_000039.png,D:\Projects\adb_vl\vision_platform\ads\collections\reviewed_bbox_crops_20260718\crops\rb_000039.png,,,negative,free,0.26125,,0.20263,0.10387,0.04409,0.09893,0.26125,0.23952,0.20431
file_f32c265ebaa92314,asset_0f4b94e17468addc,vision_platform\ads\collections\reviewed_bbox_crops_20260718\crops\rb_000040.png,D:\Projects\adb_vl\vision_platform\ads\collections\reviewed_bbox_crops_20260718\crops\rb_000040.png,,,negative,play_triangle,0.20280,,0.00239,0.20280,0.00111,0.00313,0.15279,0.01334,0.00856
file_f0d3620f031be286,asset_966793a379a174df,vision_platform\ads\collections\reviewed_bbox_crops_20260718\crops\rb_000041.png,D:\Projects\adb_vl\vision_platform\ads\collections\reviewed_bbox_crops_20260718\crops\rb_000041.png,,,negative,free,0.28684,,0.03820,0.26421,0.01433,0.02111,0.28684,0.14780,0.04979
file_09ceb56f0995b554,asset_21c5da20d19c35cc,vision_platform\ads\collections\reviewed_bbox_crops_20260718\crops\rb_000042.png,D:\Projects\adb_vl\vision_platform\ads\collections\reviewed_bbox_crops_20260718\crops\rb_000042.png,,,negative,play_triangle,0.28742,,0.00905,0.28742,0.00881,0.02605,0.19721,0.04821,0.09497
file_9e73e5c86075a3d7,asset_36d53dd90fea6af5,vision_platform\ads\collections\reviewed_bbox_crops_20260718\crops\rb_000043.png,D:\Projects\adb_vl\vision_platform\ads\collections\reviewed_bbox_crops_20260718\crops\rb_000043.png,,,free,free,0.57668,,0.42347,0.09351,0.12541,0.23803,0.57668,0.24386,0.20592
file_f778eb90bd5d0e0c,asset_f920178f94c040b8,vision_platform\ads\collections\reviewed_bbox_crops_20260718\crops\rb_000044.png,D:\Projects\adb_vl\vision_platform\ads\collections\reviewed_bbox_crops_20260718\crops\rb_000044.png,,,negative,got,0.27418,,0.24637,0.05673,0.02045,0.11190,0.16004,0.27418,0.14134
file_b35a7d24eb0eeb08,asset_0f4b94e17468addc,vision_platform\ads\collections\reviewed_bbox_crops_20260718\crops\rb_000045.png,D:\Projects\adb_vl\vision_platform\ads\collections\reviewed_bbox_crops_20260718\crops\rb_000045.png,,,negative,play_triangle,0.20280,,0.00239,0.20280,0.00111,0.00313,0.15279,0.01334,0.00856
file_d0ca969f145ee025,asset_966793a379a174df,vision_platform\ads\collections\reviewed_bbox_crops_20260718\crops\rb_000046.png,D:\Projects\adb_vl\vision_platform\ads\collections\reviewed_bbox_crops_20260718\crops\rb_000046.png,,,negative,free,0.28684,,0.03820,0.26421,0.01433,0.02111,0.28684,0.14780,0.04979
file_f7dfb27948729023,asset_0f3b38cb29c91625,vision_platform\ads\collections\reviewed_bbox_crops_20260718\crops\rb_000047.png,D:\Projects\adb_vl\vision_platform\ads\collections\reviewed_bbox_crops_20260718\crops\rb_000047.png,,,uncertain,free,0.49177,,0.36763,0.11096,0.06963,0.15828,0.49177,0.36060,0.24495
file_cfd1964100ca8aaa,asset_6a071a9554a7c352,vision_platform\ads\collections\reviewed_bbox_crops_20260718\crops\rb_000048.png,D:\Projects\adb_vl\vision_platform\ads\collections\reviewed_bbox_crops_20260718\crops\rb_000048.png,,,negative,got,0.29102,,0.27549,0.07242,0.03271,0.11858,0.17263,0.29102,0.15829
file_38ee8dfbc5f6c1e4,asset_0f4b94e17468addc,vision_platform\ads\collections\reviewed_bbox_crops_20260718\crops\rb_000049.png,D:\Projects\adb_vl\vision_platform\ads\collections\reviewed_bbox_crops_20260718\crops\rb_000049.png,,,negative,play_triangle,0.20280,,0.00239,0.20280,0.00111,0.00313,0.15279,0.01334,0.00856
file_7bb1b60bd9354098,asset_d9d86649c8843324,vision_platform\ads\collections\reviewed_bbox_crops_20260718\crops\rb_000050.png,D:\Projects\adb_vl\vision_platform\ads\collections\reviewed_bbox_crops_20260718\crops\rb_000050.png,,,negative,x_mark,0.17378,,0.17378,0.01636,0.01155,0.07117,0.11821,0.03480,0.08361
file_35b03c30d0dda3e6,asset_7dac488a639456b7,vision_platform\ads\collections\reviewed_bbox_crops_20260718\crops\rb_000051.png,D:\Projects\adb_vl\vision_platform\ads\collections\reviewed_bbox_crops_20260718\crops\rb_000051.png,,,negative,got,0.29552,,0.27044,0.07129,0.03128,0.12306,0.15657,0.29552,0.14325
file_83e55d4c6c0500b1,asset_0f4b94e17468addc,vision_platform\ads\collections\reviewed_bbox_crops_20260718\crops\rb_000052.png,D:\Projects\adb_vl\vision_platform\ads\collections\reviewed_bbox_crops_20260718\crops\rb_000052.png,,,negative,play_triangle,0.20280,,0.00239,0.20280,0.00111,0.00313,0.15279,0.01334,0.00856
file_833bfe34d93542e1,asset_01cb0ddbc4f9acfd,vision_platform\ads\collections\reviewed_bbox_crops_20260718\crops\rb_000053.png,D:\Projects\adb_vl\vision_platform\ads\collections\reviewed_bbox_crops_20260718\crops\rb_000053.png,,,x_mark,x_mark,0.50825,,0.50825,0.06100,0.07075,0.25591,0.41508,0.23530,0.29190
file_21f37d170ac3d42a,asset_d90adc52bfdb2470,vision_platform\ads\collections\reviewed_bbox_crops_20260718\crops\rb_000054.png,D:\Projects\adb_vl\vision_platform\ads\collections\reviewed_bbox_crops_20260718\crops\rb_000054.png,,,negative,got,0.31207,,0.28014,0.06894,0.03136,0.12564,0.17401,0.31207,0.16108
file_5c7a77f09692692f,asset_1efd56983e8a2be7,vision_platform\ads\collections\reviewed_bbox_crops_20260718\crops\rb_000055.png,D:\Projects\adb_vl\vision_platform\ads\collections\reviewed_bbox_crops_20260718\crops\rb_000055.png,,,negative,play_triangle,0.12608,,0.00822,0.12608,0.00121,0.01627,0.04971,0.02865,0.02212
file_cc0295811aa6fec6,asset_653791f50f2b86dc,vision_platform\ads\collections\reviewed_bbox_crops_20260718\crops\rb_000056.png,D:\Projects\adb_vl\vision_platform\ads\collections\reviewed_bbox_crops_20260718\crops\rb_000056.png,,,x_mark,x_mark,0.53343,,0.53343,0.18119,0.10771,0.35116,0.36438,0.22752,0.49990
file_ffa3f00532e1de37,asset_b396b1140daa0cf6,vision_platform\ads\collections\reviewed_bbox_crops_20260718\crops\rb_000057.png,D:\Projects\adb_vl\vision_platform\ads\collections\reviewed_bbox_crops_20260718\crops\rb_000057.png,,,negative,got,0.24943,,0.21277,0.12208,0.05068,0.08616,0.18873,0.24943,0.15223
file_50f04bb2d911e011,asset_1efd56983e8a2be7,vision_platform\ads\collections\reviewed_bbox_crops_20260718\crops\rb_000058.png,D:\Projects\adb_vl\vision_platform\ads\collections\reviewed_bbox_crops_20260718\crops\rb_000058.png,,,negative,play_triangle,0.12608,,0.00822,0.12608,0.00121,0.01627,0.04971,0.02865,0.02212
file_b487d08eaa24eee8,asset_ea993f5a4033cd11,vision_platform\ads\collections\reviewed_bbox_crops_20260718\crops\rb_000059.png,D:\Projects\adb_vl\vision_platform\ads\collections\reviewed_bbox_crops_20260718\crops\rb_000059.png,,,free,free,0.57652,,0.42151,0.09356,0.12352,0.23906,0.57652,0.24848,0.20612
file_013738ef2ddbf00b,asset_49685c343e3e83f2,vision_platform\ads\collections\reviewed_bbox_crops_20260718\crops\rb_000060.png,D:\Projects\adb_vl\vision_platform\ads\collections\reviewed_bbox_crops_20260718\crops\rb_000060.png,,,negative,got,0.23788,,0.20892,0.12873,0.05050,0.08028,0.18806,0.23788,0.16127
file_2d6e32d144e028d1,asset_1efd56983e8a2be7,vision_platform\ads\collections\reviewed_bbox_crops_20260718\crops\rb_000061.png,D:\Projects\adb_vl\vision_platform\ads\collections\reviewed_bbox_crops_20260718\crops\rb_000061.png,,,negative,play_triangle,0.12608,,0.00822,0.12608,0.00121,0.01627,0.04971,0.02865,0.02212
file_f654060999aac1f5,asset_620e5e50e2098f7e,vision_platform\ads\collections\reviewed_bbox_crops_20260718\crops\rb_000062.png,D:\Projects\adb_vl\vision_platform\ads\collections\reviewed_bbox_crops_20260718\crops\rb_000062.png,,,negative,x_mark,0.15419,,0.15419,0.00766,0.00730,0.05335,0.13302,0.02385,0.05317
file_66d30e8766d0d07f,asset_4f54c7f02364deb3,vision_platform\ads\collections\reviewed_bbox_crops_20260718\crops\rb_000063.png,D:\Projects\adb_vl\vision_platform\ads\collections\reviewed_bbox_crops_20260718\crops\rb_000063.png,,,negative,got,0.24594,,0.21404,0.11883,0.03903,0.09270,0.21501,0.24594,0.18199
file_2f8ef7c43f1a2e47,asset_1efd56983e8a2be7,vision_platform\ads\collections\reviewed_bbox_crops_20260718\crops\rb_000064.png,D:\Projects\adb_vl\vision_platform\ads\collections\reviewed_bbox_crops_20260718\crops\rb_000064.png,,,negative,play_triangle,0.12608,,0.00822,0.12608,0.00121,0.01627,0.04971,0.02865,0.02212
file_c105b48e0b40e20f,asset_12eb6334bb7457ba,vision_platform\ads\collections\reviewed_bbox_crops_20260718\crops\rb_000065.png,D:\Projects\adb_vl\vision_platform\ads\collections\reviewed_bbox_crops_20260718\crops\rb_000065.png,,,x_mark,x_mark,0.55135,,0.55135,0.19103,0.10059,0.16957,0.29284,0.25742,0.22435
file_8c257099e2bd386f,asset_2b457dd3565953eb,vision_platform\ads\collections\reviewed_bbox_crops_20260718\crops\rb_000066.png,D:\Projects\adb_vl\vision_platform\ads\collections\reviewed_bbox_crops_20260718\crops\rb_000066.png,,,negative,got,0.24988,,0.18281,0.10003,0.03905,0.07784,0.19264,0.24988,0.16504
file_ca3fd5b1eb39b11d,asset_1efd56983e8a2be7,vision_platform\ads\collections\reviewed_bbox_crops_20260718\crops\rb_000067.png,D:\Projects\adb_vl\vision_platform\ads\collections\reviewed_bbox_crops_20260718\crops\rb_000067.png,,,negative,play_triangle,0.12608,,0.00822,0.12608,0.00121,0.01627,0.04971,0.02865,0.02212
file_2d4f3be6124177ed,asset_36d53dd90fea6af5,vision_platform\ads\collections\reviewed_bbox_crops_20260718\crops\rb_000068.png,D:\Projects\adb_vl\vision_platform\ads\collections\reviewed_bbox_crops_20260718\crops\rb_000068.png,,,free,free,0.57668,,0.42347,0.09351,0.12541,0.23803,0.57668,0.24386,0.20592
file_2c7fdf034b0a93b4,asset_99b47e8bcd3204e2,vision_platform\ads\collections\reviewed_bbox_crops_20260718\crops\rb_000069.png,D:\Projects\adb_vl\vision_platform\ads\collections\reviewed_bbox_crops_20260718\crops\rb_000069.png,,,negative,got,0.24472,,0.20775,0.10595,0.03760,0.09353,0.20220,0.24472,0.17557
file_dc5f74071ab40cd7,asset_05e39c545c2d589c,vision_platform\ads\collections\reviewed_bbox_crops_20260718\crops\rb_000070.png,D:\Projects\adb_vl\vision_platform\ads\collections\reviewed_bbox_crops_20260718\crops\rb_000070.png,,,negative,play_triangle,0.21762,,0.00357,0.21762,0.00317,0.01057,0.18076,0.01735,0.04312
file_6e8e7fe9af52b01b,asset_3ace1f0522c58233,vision_platform\ads\collections\reviewed_bbox_crops_20260718\crops\rb_000071.png,D:\Projects\adb_vl\vision_platform\ads\collections\reviewed_bbox_crops_20260718\crops\rb_000071.png,,,negative,free,0.19961,,0.01482,0.13328,0.00300,0.00883,0.19961,0.02441,0.03553
file_450326474eb92b1d,asset_0a4e900ac50de596,vision_platform\ads\collections\reviewed_bbox_crops_20260718\crops\rb_000072.png,D:\Projects\adb_vl\vision_platform\ads\collections\reviewed_bbox_crops_20260718\crops\rb_000072.png,,,uncertain,free,0.42329,,0.00394,0.33215,0.00490,0.00514,0.42329,0.05081,0.02641
file_316f75bc9fb119a6,asset_1666aaa13124f098,vision_platform\ads\collections\reviewed_bbox_crops_20260718\crops\rb_000073.png,D:\Projects\adb_vl\vision_platform\ads\collections\reviewed_bbox_crops_20260718\crops\rb_000073.png,,,free,free,0.74158,,0.04638,0.33318,0.06046,0.05351,0.74158,0.21522,0.19406
file_c001ecd3dd8e6f5a,asset_23e27746bf9acb75,vision_platform\ads\collections\reviewed_bbox_crops_20260718\crops\rb_000074.png,D:\Projects\adb_vl\vision_platform\ads\collections\reviewed_bbox_crops_20260718\crops\rb_000074.png,,,x_mark|arrow,x_mark,0.70728,,0.70728,0.13095,0.22141,0.31424,0.43306,0.36692,0.65121
file_98cf339e99854527,asset_1a15a1aedf1315ed,vision_platform\ads\collections\reviewed_bbox_crops_20260718\crops\rb_000075.png,D:\Projects\adb_vl\vision_platform\ads\collections\reviewed_bbox_crops_20260718\crops\rb_000075.png,,,arrow,arrow,0.73189,,0.46800,0.05960,0.26091,0.39265,0.23272,0.20371,0.73189
file_9463a6879cde6633,asset_c4a5faabf729b487,vision_platform\ads\collections\reviewed_bbox_crops_20260718\crops\rb_000076.png,D:\Projects\adb_vl\vision_platform\ads\collections\reviewed_bbox_crops_20260718\crops\rb_000076.png,,,negative,got,0.23322,,0.20150,0.11230,0.05141,0.08669,0.22556,0.23322,0.18395
file_3a54261dbff44822,asset_05e39c545c2d589c,vision_platform\ads\collections\reviewed_bbox_crops_20260718\crops\rb_000077.png,D:\Projects\adb_vl\vision_platform\ads\collections\reviewed_bbox_crops_20260718\crops\rb_000077.png,,,negative,play_triangle,0.21762,,0.00357,0.21762,0.00317,0.01057,0.18076,0.01735,0.04312
file_aa2a6861107ec762,asset_3ace1f0522c58233,vision_platform\ads\collections\reviewed_bbox_crops_20260718\crops\rb_000078.png,D:\Projects\adb_vl\vision_platform\ads\collections\reviewed_bbox_crops_20260718\crops\rb_000078.png,,,negative,free,0.19961,,0.01482,0.13328,0.00300,0.00883,0.19961,0.02441,0.03553
file_6812c204f492edfa,asset_0a4e900ac50de596,vision_platform\ads\collections\reviewed_bbox_crops_20260718\crops\rb_000079.png,D:\Projects\adb_vl\vision_platform\ads\collections\reviewed_bbox_crops_20260718\crops\rb_000079.png,,,uncertain,free,0.42329,,0.00394,0.33215,0.00490,0.00514,0.42329,0.05081,0.02641
file_f0482426ad64d2ec,asset_b9f13ebbb5033ec5,vision_platform\ads\collections\reviewed_bbox_crops_20260718\crops\rb_000080.png,D:\Projects\adb_vl\vision_platform\ads\collections\reviewed_bbox_crops_20260718\crops\rb_000080.png,,,uncertain,free,0.41663,,0.01151,0.28337,0.00680,0.00963,0.41663,0.06076,0.05390
file_305f139217f54d07,asset_c966fc39fcf6d4e7,vision_platform\ads\collections\reviewed_bbox_crops_20260718\crops\rb_000081.png,D:\Projects\adb_vl\vision_platform\ads\collections\reviewed_bbox_crops_20260718\crops\rb_000081.png,,,x_mark,x_mark,0.58461,,0.58461,0.03600,0.13275,0.21772,0.13367,0.24642,0.48763
file_2aa5e3355a1f71c5,asset_31c3f0fd5986e5c4,vision_platform\ads\collections\reviewed_bbox_crops_20260718\crops\rb_000082.png,D:\Projects\adb_vl\vision_platform\ads\collections\reviewed_bbox_crops_20260718\crops\rb_000082.png,,,x_mark|arrow,arrow,0.69773,,0.59747,0.08961,0.22309,0.44434,0.39806,0.42950,0.69773
file_1d29dffd18a49bed,asset_d91e3d1f08b2622c,vision_platform\ads\collections\reviewed_bbox_crops_20260718\crops\rb_000083.png,D:\Projects\adb_vl\vision_platform\ads\collections\reviewed_bbox_crops_20260718\crops\rb_000083.png,,,negative,got,0.25816,,0.21204,0.09416,0.04187,0.10257,0.21207,0.25816,0.19167
file_c3c64ce2d911fb6e,asset_0f4b94e17468addc,vision_platform\ads\collections\reviewed_bbox_crops_20260718\crops\rb_000084.png,D:\Projects\adb_vl\vision_platform\ads\collections\reviewed_bbox_crops_20260718\crops\rb_000084.png,,,negative,play_triangle,0.20280,,0.00239,0.20280,0.00111,0.00313,0.15279,0.01334,0.00856
file_62a8a4413542ca74,asset_966793a379a174df,vision_platform\ads\collections\reviewed_bbox_crops_20260718\crops\rb_000085.png,D:\Projects\adb_vl\vision_platform\ads\collections\reviewed_bbox_crops_20260718\crops\rb_000085.png,,,negative,free,0.28684,,0.03820,0.26421,0.01433,0.02111,0.28684,0.14780,0.04979
file_b64ae336bb17e9f7,asset_21c5da20d19c35cc,vision_platform\ads\collections\reviewed_bbox_crops_20260718\crops\rb_000086.png,D:\Projects\adb_vl\vision_platform\ads\collections\reviewed_bbox_crops_20260718\crops\rb_000086.png,,,negative,play_triangle,0.28742,,0.00905,0.28742,0.00881,0.02605,0.19721,0.04821,0.09497
file_bf38f78053afa077,asset_6bf76d3fd5c9b55e,vision_platform\ads\collections\reviewed_bbox_crops_20260718\crops\rb_000087.png,D:\Projects\adb_vl\vision_platform\ads\collections\reviewed_bbox_crops_20260718\crops\rb_000087.png,,,negative,x_mark,0.11100,,0.11100,0.00973,0.01162,0.00857,0.05176,0.05695,0.10178
file_9d15a57210e6aeca,asset_e4368f59b3fb23a5,vision_platform\ads\collections\reviewed_bbox_crops_20260718\crops\rb_000088.png,D:\Projects\adb_vl\vision_platform\ads\collections\reviewed_bbox_crops_20260718\crops\rb_000088.png,,,x_mark,x_mark,0.54634,,0.54634,0.13744,0.03154,0.26212,0.45134,0.27821,0.29165
file_67dcd96cb320b4ae,asset_3f5765ee6c16a62d,vision_platform\ads\collections\reviewed_bbox_crops_20260718\crops\rb_000089.png,D:\Projects\adb_vl\vision_platform\ads\collections\reviewed_bbox_crops_20260718\crops\rb_000089.png,,,negative,x_mark,0.34598,,0.34598,0.00352,0.03200,0.02273,0.02297,0.03025,0.04543
file_94a20eedf014cf98,asset_72017d57ab286b02,vision_platform\ads\collections\reviewed_bbox_crops_20260718\crops\rb_000090.png,D:\Projects\adb_vl\vision_platform\ads\collections\reviewed_bbox_crops_20260718\crops\rb_000090.png,,,negative,x_mark,0.27268,,0.27268,0.06266,0.02773,0.12786,0.14896,0.26331,0.15351
file_dfcf38849ad10faf,asset_0f4b94e17468addc,vision_platform\ads\collections\reviewed_bbox_crops_20260718\crops\rb_000091.png,D:\Projects\adb_vl\vision_platform\ads\collections\reviewed_bbox_crops_20260718\crops\rb_000091.png,,,negative,play_triangle,0.20280,,0.00239,0.20280,0.00111,0.00313,0.15279,0.01334,0.00856
file_844213c3b03f993e,asset_966793a379a174df,vision_platform\ads\collections\reviewed_bbox_crops_20260718\crops\rb_000092.png,D:\Projects\adb_vl\vision_platform\ads\collections\reviewed_bbox_crops_20260718\crops\rb_000092.png,,,negative,free,0.28684,,0.03820,0.26421,0.01433,0.02111,0.28684,0.14780,0.04979
file_b28b9ec89b84ce89,asset_226c1d36e84e0a83,vision_platform\ads\collections\reviewed_bbox_crops_20260718\crops\rb_000093.png,D:\Projects\adb_vl\vision_platform\ads\collections\reviewed_bbox_crops_20260718\crops\rb_000093.png,,,x_mark|free,x_mark,0.81615,,0.81615,0.17363,0.27883,0.30637,0.50582,0.37160,0.34968
file_a0ba5fcc9704c144,asset_3dd1cf465dd4e1fc,vision_platform\ads\collections\reviewed_bbox_crops_20260718\crops\rb_000094.png,D:\Projects\adb_vl\vision_platform\ads\collections\reviewed_bbox_crops_20260718\crops\rb_000094.png,,,arrow,arrow,0.72813,,0.46889,0.06074,0.26243,0.39407,0.23216,0.20670,0.72813
file_b46f3ac9a1044d1a,asset_069f2406c8d6ae4b,vision_platform\ads\collections\reviewed_bbox_crops_20260718\crops\rb_000095.png,D:\Projects\adb_vl\vision_platform\ads\collections\reviewed_bbox_crops_20260718\crops\rb_000095.png,,,negative,got,0.33416,,0.24469,0.05820,0.02607,0.11555,0.15357,0.33416,0.13375
file_6dd9526e493f33cb,asset_0f4b94e17468addc,vision_platform\ads\collections\reviewed_bbox_crops_20260718\crops\rb_000096.png,D:\Projects\adb_vl\vision_platform\ads\collections\reviewed_bbox_crops_20260718\crops\rb_000096.png,,,negative,play_triangle,0.20280,,0.00239,0.20280,0.00111,0.00313,0.15279,0.01334,0.00856
file_eee1062221155f09,asset_9a65aa273090dd6b,vision_platform\ads\collections\reviewed_bbox_crops_20260718\crops\rb_000097.png,D:\Projects\adb_vl\vision_platform\ads\collections\reviewed_bbox_crops_20260718\crops\rb_000097.png,,,x_mark|next|arrow,x_mark,0.57849,,0.57849,0.22152,0.25318,0.50767,0.34667,0.45588,0.51850
file_899ef938ddd45fcb,asset_469378814dd76c28,vision_platform\ads\collections\reviewed_bbox_crops_20260718\crops\rb_000098.png,D:\Projects\adb_vl\vision_platform\ads\collections\reviewed_bbox_crops_20260718\crops\rb_000098.png,,,negative,got,0.28836,,0.26200,0.05844,0.02351,0.10977,0.15075,0.28836,0.14042
file_62e9a03cd87bb875,asset_0f4b94e17468addc,vision_platform\ads\collections\reviewed_bbox_crops_20260718\crops\rb_000099.png,D:\Projects\adb_vl\vision_platform\ads\collections\reviewed_bbox_crops_20260718\crops\rb_000099.png,,,negative,play_triangle,0.20280,,0.00239,0.20280,0.00111,0.00313,0.15279,0.01334,0.00856
file_31980825c4420b48,asset_bcc1721bb55d1642,vision_platform\ads\collections\reviewed_bbox_crops_20260718\crops\rb_000100.png,D:\Projects\adb_vl\vision_platform\ads\collections\reviewed_bbox_crops_20260718\crops\rb_000100.png,,,uncertain,x_mark,0.43403,,0.43403,0.05531,0.06355,0.08747,0.15668,0.08239,0.28777
file_092f15fb75ba6dec,asset_1b3a6e6f798fa5a2,vision_platform\ads\collections\reviewed_bbox_crops_20260718\crops\rb_000101.png,D:\Projects\adb_vl\vision_platform\ads\collections\reviewed_bbox_crops_20260718\crops\rb_000101.png,,,negative,got,0.31391,,0.27482,0.08357,0.03672,0.11966,0.20645,0.31391,0.17590
file_5486b3133fe474bb,asset_1efd56983e8a2be7,vision_platform\ads\collections\reviewed_bbox_crops_20260718\crops\rb_000102.png,D:\Projects\adb_vl\vision_platform\ads\collections\reviewed_bbox_crops_20260718\crops\rb_000102.png,,,negative,play_triangle,0.12608,,0.00822,0.12608,0.00121,0.01627,0.04971,0.02865,0.02212
file_5ad715a20931c23f,asset_9604fc1d9d28db2b,vision_platform\ads\collections\reviewed_bbox_crops_20260718\crops\rb_000103.png,D:\Projects\adb_vl\vision_platform\ads\collections\reviewed_bbox_crops_20260718\crops\rb_000103.png,,,x_mark|next|arrow,x_mark,0.57473,,0.57473,0.20788,0.24451,0.51047,0.34243,0.46006,0.52918
file_4d36aa5c301bec9f,asset_632899a232b4f932,vision_platform\ads\collections\reviewed_bbox_crops_20260718\crops\rb_000104.png,D:\Projects\adb_vl\vision_platform\ads\collections\reviewed_bbox_crops_20260718\crops\rb_000104.png,,,negative,got,0.29525,,0.21570,0.12897,0.03585,0.08385,0.23800,0.29525,0.18743
file_54ca0c9578597cf8,asset_1efd56983e8a2be7,vision_platform\ads\collections\reviewed_bbox_crops_20260718\crops\rb_000105.png,D:\Projects\adb_vl\vision_platform\ads\collections\reviewed_bbox_crops_20260718\crops\rb_000105.png,,,negative,play_triangle,0.12608,,0.00822,0.12608,0.00121,0.01627,0.04971,0.02865,0.02212
file_05418c2afcaf9455,asset_f8140df227801008,vision_platform\ads\collections\reviewed_bbox_crops_20260718\crops\rb_000106.png,D:\Projects\adb_vl\vision_platform\ads\collections\reviewed_bbox_crops_20260718\crops\rb_000106.png,,,x_mark|next|arrow,x_mark,0.57746,,0.57746,0.21407,0.25088,0.50696,0.34635,0.45901,0.52207
file_855fe2ee803e5ef6,asset_bcbfdc32bec94ea3,vision_platform\ads\collections\reviewed_bbox_crops_20260718\crops\rb_000107.png,D:\Projects\adb_vl\vision_platform\ads\collections\reviewed_bbox_crops_20260718\crops\rb_000107.png,,,negative,got,0.25304,,0.21018,0.13615,0.06783,0.08663,0.21981,0.25304,0.16640
file_a394e9f413666691,asset_1efd56983e8a2be7,vision_platform\ads\collections\reviewed_bbox_crops_20260718\crops\rb_000108.png,D:\Projects\adb_vl\vision_platform\ads\collections\reviewed_bbox_crops_20260718\crops\rb_000108.png,,,negative,play_triangle,0.12608,,0.00822,0.12608,0.00121,0.01627,0.04971,0.02865,0.02212
file_aecc4f11488efbe5,asset_e1d07199af8a6097,vision_platform\ads\collections\reviewed_bbox_crops_20260718\crops\rb_000109.png,D:\Projects\adb_vl\vision_platform\ads\collections\reviewed_bbox_crops_20260718\crops\rb_000109.png,,,uncertain,got,0.35501,,0.22278,0.30412,0.06485,0.27908,0.27326,0.35501,0.20063
file_51c6e2845fe08c19,asset_b20513fd6c63b9ab,vision_platform\ads\collections\reviewed_bbox_crops_20260718\crops\rb_000110.png,D:\Projects\adb_vl\vision_platform\ads\collections\reviewed_bbox_crops_20260718\crops\rb_000110.png,,,negative,got,0.24782,,0.16774,0.10085,0.03102,0.07606,0.20043,0.24782,0.15421
file_ca5c9600e4f3b15e,asset_1efd56983e8a2be7,vision_platform\ads\collections\reviewed_bbox_crops_20260718\crops\rb_000111.png,D:\Projects\adb_vl\vision_platform\ads\collections\reviewed_bbox_crops_20260718\crops\rb_000111.png,,,negative,play_triangle,0.12608,,0.00822,0.12608,0.00121,0.01627,0.04971,0.02865,0.02212
file_f153055da01f89c3,asset_1ad7fd751ce5f996,vision_platform\ads\collections\reviewed_bbox_crops_20260718\crops\rb_000112.png,D:\Projects\adb_vl\vision_platform\ads\collections\reviewed_bbox_crops_20260718\crops\rb_000112.png,,,x_mark|next|arrow,x_mark,0.57736,,0.57736,0.22321,0.25355,0.50701,0.34690,0.45464,0.51755
file_0e60eb1ed3085fcf,asset_636c3a424581ad0e,vision_platform\ads\collections\reviewed_bbox_crops_20260718\crops\rb_000113.png,D:\Projects\adb_vl\vision_platform\ads\collections\reviewed_bbox_crops_20260718\crops\rb_000113.png,,,negative,free,0.25613,,0.22082,0.13577,0.05102,0.09208,0.25613,0.25488,0.20635
file_46fa4c81ef14c975,asset_1efd56983e8a2be7,vision_platform\ads\collections\reviewed_bbox_crops_20260718\crops\rb_000114.png,D:\Projects\adb_vl\vision_platform\ads\collections\reviewed_bbox_crops_20260718\crops\rb_000114.png,,,negative,play_triangle,0.12608,,0.00822,0.12608,0.00121,0.01627,0.04971,0.02865,0.02212
file_e5407ff0961c3cc9,asset_7419d2d1a2e13956,vision_platform\ads\collections\reviewed_bbox_crops_20260718\crops\rb_000115.png,D:\Projects\adb_vl\vision_platform\ads\collections\reviewed_bbox_crops_20260718\crops\rb_000115.png,,,x_mark|next|arrow,x_mark,0.57562,,0.57562,0.21964,0.25539,0.50742,0.34838,0.45974,0.52731
file_66acddd59232bac0,asset_3dece09d166a1594,vision_platform\ads\collections\reviewed_bbox_crops_20260718\crops\rb_000116.png,D:\Projects\adb_vl\vision_platform\ads\collections\reviewed_bbox_crops_20260718\crops\rb_000116.png,,,negative,got,0.23226,,0.20669,0.09712,0.03075,0.08757,0.21005,0.23226,0.17668
file_d15aeb5661f9fca0,asset_05e39c545c2d589c,vision_platform\ads\collections\reviewed_bbox_crops_20260718\crops\rb_000117.png,D:\Projects\adb_vl\vision_platform\ads\collections\reviewed_bbox_crops_20260718\crops\rb_000117.png,,,negative,play_triangle,0.21762,,0.00357,0.21762,0.00317,0.01057,0.18076,0.01735,0.04312
file_8b1c83db204d4c49,asset_3ace1f0522c58233,vision_platform\ads\collections\reviewed_bbox_crops_20260718\crops\rb_000118.png,D:\Projects\adb_vl\vision_platform\ads\collections\reviewed_bbox_crops_20260718\crops\rb_000118.png,,,negative,free,0.19961,,0.01482,0.13328,0.00300,0.00883,0.19961,0.02441,0.03553
file_d14a07d46d0279bc,asset_0a4e900ac50de596,vision_platform\ads\collections\reviewed_bbox_crops_20260718\crops\rb_000119.png,D:\Projects\adb_vl\vision_platform\ads\collections\reviewed_bbox_crops_20260718\crops\rb_000119.png,,,uncertain,free,0.42329,,0.00394,0.33215,0.00490,0.00514,0.42329,0.05081,0.02641
file_ff3629974dd436be,asset_8c06d20936fec0bb,vision_platform\ads\collections\reviewed_bbox_crops_20260718\crops\rb_000120.png,D:\Projects\adb_vl\vision_platform\ads\collections\reviewed_bbox_crops_20260718\crops\rb_000120.png,,,uncertain,free,0.37262,,0.06928,0.16095,0.02077,0.01485,0.37262,0.09430,0.04818
file_1b25b331d8c51571,asset_4b460828e7852a16,vision_platform\ads\collections\reviewed_bbox_crops_20260718\crops\rb_000121.png,D:\Projects\adb_vl\vision_platform\ads\collections\reviewed_bbox_crops_20260718\crops\rb_000121.png,,,x_mark,x_mark,0.51566,,0.51566,0.06611,0.06599,0.19416,0.19333,0.21540,0.35480
file_834d97abbc001ce5,asset_2e9288f2d0fabccf,vision_platform\ads\collections\reviewed_bbox_crops_20260718\crops\rb_000122.png,D:\Projects\adb_vl\vision_platform\ads\collections\reviewed_bbox_crops_20260718\crops\rb_000122.png,,,negative,got,0.25505,,0.21630,0.11984,0.05494,0.09404,0.24162,0.25505,0.18518
file_cab91239fa448f26,asset_05e39c545c2d589c,vision_platform\ads\collections\reviewed_bbox_crops_20260718\crops\rb_000123.png,D:\Projects\adb_vl\vision_platform\ads\collections\reviewed_bbox_crops_20260718\crops\rb_000123.png,,,negative,play_triangle,0.21762,,0.00357,0.21762,0.00317,0.01057,0.18076,0.01735,0.04312
file_2160d3a8470b945a,asset_3ace1f0522c58233,vision_platform\ads\collections\reviewed_bbox_crops_20260718\crops\rb_000124.png,D:\Projects\adb_vl\vision_platform\ads\collections\reviewed_bbox_crops_20260718\crops\rb_000124.png,,,negative,free,0.19961,,0.01482,0.13328,0.00300,0.00883,0.19961,0.02441,0.03553
file_8972b60b689b7080,asset_0a4e900ac50de596,vision_platform\ads\collections\reviewed_bbox_crops_20260718\crops\rb_000125.png,D:\Projects\adb_vl\vision_platform\ads\collections\reviewed_bbox_crops_20260718\crops\rb_000125.png,,,uncertain,free,0.42329,,0.00394,0.33215,0.00490,0.00514,0.42329,0.05081,0.02641
file_526e1585f645dd14,asset_b9f13ebbb5033ec5,vision_platform\ads\collections\reviewed_bbox_crops_20260718\crops\rb_000126.png,D:\Projects\adb_vl\vision_platform\ads\collections\reviewed_bbox_crops_20260718\crops\rb_000126.png,,,uncertain,free,0.41663,,0.01151,0.28337,0.00680,0.00963,0.41663,0.06076,0.05390
file_db8f38d6e6bdb2f1,asset_1dab5c000746ebe5,vision_platform\ads\collections\reviewed_bbox_crops_20260718\crops\rb_000127.png,D:\Projects\adb_vl\vision_platform\ads\collections\reviewed_bbox_crops_20260718\crops\rb_000127.png,,,negative,got,0.21851,,0.19871,0.10578,0.05230,0.08750,0.19167,0.21851,0.17456
file_54f162f1f1ac5a0d,asset_05e39c545c2d589c,vision_platform\ads\collections\reviewed_bbox_crops_20260718\crops\rb_000128.png,D:\Projects\adb_vl\vision_platform\ads\collections\reviewed_bbox_crops_20260718\crops\rb_000128.png,,,negative,play_triangle,0.21762,,0.00357,0.21762,0.00317,0.01057,0.18076,0.01735,0.04312
file_a24788aa155dd179,asset_3ace1f0522c58233,vision_platform\ads\collections\reviewed_bbox_crops_20260718\crops\rb_000129.png,D:\Projects\adb_vl\vision_platform\ads\collections\reviewed_bbox_crops_20260718\crops\rb_000129.png,,,negative,free,0.19961,,0.01482,0.13328,0.00300,0.00883,0.19961,0.02441,0.03553
file_8646ff8ca8335918,asset_0a4e900ac50de596,vision_platform\ads\collections\reviewed_bbox_crops_20260718\crops\rb_000130.png,D:\Projects\adb_vl\vision_platform\ads\collections\reviewed_bbox_crops_20260718\crops\rb_000130.png,,,uncertain,free,0.42329,,0.00394,0.33215,0.00490,0.00514,0.42329,0.05081,0.02641
file_14caa55f8b8cccfe,asset_bcc1721bb55d1642,vision_platform\ads\collections\reviewed_bbox_crops_20260718\crops\rb_000131.png,D:\Projects\adb_vl\vision_platform\ads\collections\reviewed_bbox_crops_20260718\crops\rb_000131.png,,,uncertain,x_mark,0.43403,,0.43403,0.05531,0.06355,0.08747,0.15668,0.08239,0.28777
file_45282982dc7fe8e8,asset_418166c027e47553,vision_platform\ads\collections\reviewed_bbox_crops_20260718\crops\rb_000132.png,D:\Projects\adb_vl\vision_platform\ads\collections\reviewed_bbox_crops_20260718\crops\rb_000132.png,,,negative,got,0.23364,,0.22490,0.07005,0.02987,0.11745,0.10594,0.23364,0.13060
file_c15bee436f7a2f64,asset_0f4b94e17468addc,vision_platform\ads\collections\reviewed_bbox_crops_20260718\crops\rb_000133.png,D:\Projects\adb_vl\vision_platform\ads\collections\reviewed_bbox_crops_20260718\crops\rb_000133.png,,,negative,play_triangle,0.20280,,0.00239,0.20280,0.00111,0.00313,0.15279,0.01334,0.00856
file_cf7c21442008830c,asset_966793a379a174df,vision_platform\ads\collections\reviewed_bbox_crops_20260718\crops\rb_000134.png,D:\Projects\adb_vl\vision_platform\ads\collections\reviewed_bbox_crops_20260718\crops\rb_000134.png,,,negative,free,0.28684,,0.03820,0.26421,0.01433,0.02111,0.28684,0.14780,0.04979
file_46d7d0408c058727,asset_bcc1721bb55d1642,vision_platform\ads\collections\reviewed_bbox_crops_20260718\crops\rb_000135.png,D:\Projects\adb_vl\vision_platform\ads\collections\reviewed_bbox_crops_20260718\crops\rb_000135.png,,,uncertain,x_mark,0.43403,,0.43403,0.05531,0.06355,0.08747,0.15668,0.08239,0.28777
file_415b1759ce91e1fe,asset_8b5a5bf502b06ef1,vision_platform\ads\collections\reviewed_bbox_crops_20260718\crops\rb_000136.png,D:\Projects\adb_vl\vision_platform\ads\collections\reviewed_bbox_crops_20260718\crops\rb_000136.png,,,uncertain,got,0.36418,,0.24590,0.06933,0.03265,0.12861,0.14655,0.36418,0.13809
file_93708138367d2995,asset_0f4b94e17468addc,vision_platform\ads\collections\reviewed_bbox_crops_20260718\crops\rb_000137.png,D:\Projects\adb_vl\vision_platform\ads\collections\reviewed_bbox_crops_20260718\crops\rb_000137.png,,,negative,play_triangle,0.20280,,0.00239,0.20280,0.00111,0.00313,0.15279,0.01334,0.00856
file_09262bd1f2321a7b,asset_b2038ae70ba4928b,vision_platform\ads\collections\reviewed_bbox_crops_20260718\crops\rb_000138.png,D:\Projects\adb_vl\vision_platform\ads\collections\reviewed_bbox_crops_20260718\crops\rb_000138.png,,,x_mark|free|arrow,x_mark,0.76069,,0.76069,0.14313,0.15510,0.40614,0.60301,0.49981,0.69114
file_d434d859462d0aee,asset_9374af084265b151,vision_platform\ads\collections\reviewed_bbox_crops_20260718\crops\rb_000139.png,D:\Projects\adb_vl\vision_platform\ads\collections\reviewed_bbox_crops_20260718\crops\rb_000139.png,,,x_mark|arrow,x_mark,0.69037,,0.69037,0.12397,0.22642,0.30726,0.41773,0.36678,0.62335
file_88211eacebd07018,asset_859c7278c0adf604,vision_platform\ads\collections\reviewed_bbox_crops_20260718\crops\rb_000140.png,D:\Projects\adb_vl\vision_platform\ads\collections\reviewed_bbox_crops_20260718\crops\rb_000140.png,,,negative,got,0.31265,,0.29512,0.07183,0.03364,0.12181,0.17161,0.31265,0.15617
file_f4f35fb8b2be28a3,asset_0f4b94e17468addc,vision_platform\ads\collections\reviewed_bbox_crops_20260718\crops\rb_000141.png,D:\Projects\adb_vl\vision_platform\ads\collections\reviewed_bbox_crops_20260718\crops\rb_000141.png,,,negative,play_triangle,0.20280,,0.00239,0.20280,0.00111,0.00313,0.15279,0.01334,0.00856
file_3d395ad108b7d05d,asset_d0d6af500a45886e,vision_platform\ads\collections\reviewed_bbox_crops_20260718\crops\rb_000142.png,D:\Projects\adb_vl\vision_platform\ads\collections\reviewed_bbox_crops_20260718\crops\rb_000142.png,,,x_mark|arrow,x_mark,0.59955,,0.59955,0.03792,0.13510,0.22332,0.14945,0.25856,0.50246
file_4135329ece6fef7b,asset_5367678d7e7c5c9e,vision_platform\ads\collections\reviewed_bbox_crops_20260718\crops\rb_000143.png,D:\Projects\adb_vl\vision_platform\ads\collections\reviewed_bbox_crops_20260718\crops\rb_000143.png,,,arrow,arrow,0.72594,,0.46083,0.06129,0.25334,0.40247,0.23861,0.21384,0.72594
file_a5819c59dda8a986,asset_9869e8ef27cf226c,vision_platform\ads\collections\reviewed_bbox_crops_20260718\crops\rb_000144.png,D:\Projects\adb_vl\vision_platform\ads\collections\reviewed_bbox_crops_20260718\crops\rb_000144.png,,,negative,got,0.30046,,0.29251,0.06824,0.03187,0.11653,0.17824,0.30046,0.15211
file_f8a408d2b9fbc248,asset_8951e1d6b133fc43,vision_platform\ads\collections\reviewed_bbox_crops_20260718\crops\rb_000145.png,D:\Projects\adb_vl\vision_platform\ads\collections\reviewed_bbox_crops_20260718\crops\rb_000145.png,,,free,free,0.80921,,0.06399,0.10285,0.01515,0.08726,0.80921,0.07516,0.10950
file_6795d3c28a8fb0c6,asset_ec5d107e852b1436,vision_platform\ads\collections\reviewed_bbox_crops_20260718\crops\rb_000146.png,D:\Projects\adb_vl\vision_platform\ads\collections\reviewed_bbox_crops_20260718\crops\rb_000146.png,,,free,free,0.58563,,0.02652,0.20770,0.02068,0.13164,0.58563,0.04315,0.05651
file_2366ed5d4044abf4,asset_aaa32e3378ef441e,vision_platform\ads\collections\reviewed_bbox_crops_20260718\crops\rb_000147.png,D:\Projects\adb_vl\vision_platform\ads\collections\reviewed_bbox_crops_20260718\crops\rb_000147.png,,,uncertain,x_mark,0.36954,,0.36954,0.10238,0.02211,0.11407,0.22430,0.34666,0.10370
file_8c2cfa4ed0b03676,asset_251751890e71370a,vision_platform\ads\collections\reviewed_bbox_crops_20260718\crops\rb_000148.png,D:\Projects\adb_vl\vision_platform\ads\collections\reviewed_bbox_crops_20260718\crops\rb_000148.png,,,free,free,0.73796,,0.02148,0.49686,0.01700,0.03587,0.73796,0.11768,0.05935
file_92bf9affe27f402d,asset_0ef553bd6095965f,vision_platform\ads\collections\reviewed_bbox_crops_20260718\crops\rb_000149.png,D:\Projects\adb_vl\vision_platform\ads\collections\reviewed_bbox_crops_20260718\crops\rb_000149.png,,,x_mark|got,x_mark,0.67498,,0.67498,0.09578,0.12840,0.35501,0.30689,0.56387,0.49822
file_8f81870f1b024972,asset_83b54a80ca6e589f,vision_platform\ads\collections\reviewed_bbox_crops_20260718\crops\rb_000150.png,D:\Projects\adb_vl\vision_platform\ads\collections\reviewed_bbox_crops_20260718\crops\rb_000150.png,,,x_mark|arrow,x_mark,0.69506,,0.69506,0.12627,0.22576,0.30917,0.43927,0.38386,0.63636
file_5e205dc34084d8c9,asset_ec36a0a1359d3407,vision_platform\ads\collections\reviewed_bbox_crops_20260718\crops\rb_000151.png,D:\Projects\adb_vl\vision_platform\ads\collections\reviewed_bbox_crops_20260718\crops\rb_000151.png,,,uncertain,x_mark,0.36863,,0.36863,0.10169,0.02548,0.12415,0.21886,0.32643,0.14123
file_5fccc5205c204e5e,asset_251751890e71370a,vision_platform\ads\collections\reviewed_bbox_crops_20260718\crops\rb_000152.png,D:\Projects\adb_vl\vision_platform\ads\collections\reviewed_bbox_crops_20260718\crops\rb_000152.png,,,free,free,0.73796,,0.02148,0.49686,0.01700,0.03587,0.73796,0.11768,0.05935
file_0174b767cdb80e0d,asset_50ad02b705cc23fb,vision_platform\ads\collections\reviewed_bbox_crops_20260718\crops\rb_000153.png,D:\Projects\adb_vl\vision_platform\ads\collections\reviewed_bbox_crops_20260718\crops\rb_000153.png,,,x_mark|free,x_mark,0.66333,,0.66333,0.20438,0.23314,0.28975,0.55514,0.38846,0.49848
file_bedd66115ab8ef28,asset_a419bfb7ea738f2f,vision_platform\ads\collections\reviewed_bbox_crops_20260718\crops\rb_000154.png,D:\Projects\adb_vl\vision_platform\ads\collections\reviewed_bbox_crops_20260718\crops\rb_000154.png,,,arrow,arrow,0.72246,,0.46163,0.05870,0.24361,0.38330,0.23096,0.20344,0.72246
file_4790826d4d4880c1,asset_93a1e4b128f9b908,vision_platform\ads\collections\reviewed_bbox_crops_20260718\crops\rb_000155.png,D:\Projects\adb_vl\vision_platform\ads\collections\reviewed_bbox_crops_20260718\crops\rb_000155.png,,,uncertain,got,0.36035,,0.35545,0.12071,0.03069,0.09089,0.25352,0.36035,0.12734
file_a9355be9f4016068,asset_251751890e71370a,vision_platform\ads\collections\reviewed_bbox_crops_20260718\crops\rb_000156.png,D:\Projects\adb_vl\vision_platform\ads\collections\reviewed_bbox_crops_20260718\crops\rb_000156.png,,,free,free,0.73796,,0.02148,0.49686,0.01700,0.03587,0.73796,0.11768,0.05935
file_e8faeac1714fec7c,asset_bcc1721bb55d1642,vision_platform\ads\collections\reviewed_bbox_crops_20260718\crops\rb_000157.png,D:\Projects\adb_vl\vision_platform\ads\collections\reviewed_bbox_crops_20260718\crops\rb_000157.png,,,uncertain,x_mark,0.43403,,0.43403,0.05531,0.06355,0.08747,0.15668,0.08239,0.28777
file_42eec0ac8415b5a9,asset_232e5768608a77e9,vision_platform\ads\collections\reviewed_bbox_crops_20260718\crops\rb_000158.png,D:\Projects\adb_vl\vision_platform\ads\collections\reviewed_bbox_crops_20260718\crops\rb_000158.png,,,uncertain,x_mark,0.37171,,0.37171,0.08095,0.02420,0.10176,0.20604,0.32100,0.12332
file_2f60ce63befa723d,asset_1efd56983e8a2be7,vision_platform\ads\collections\reviewed_bbox_crops_20260718\crops\rb_000159.png,D:\Projects\adb_vl\vision_platform\ads\collections\reviewed_bbox_crops_20260718\crops\rb_000159.png,,,negative,play_triangle,0.12608,,0.00822,0.12608,0.00121,0.01627,0.04971,0.02865,0.02212
file_93bb21d0c9b6b5ab,asset_6104349d1d13028a,vision_platform\ads\collections\reviewed_bbox_crops_20260718\crops\rb_000160.png,D:\Projects\adb_vl\vision_platform\ads\collections\reviewed_bbox_crops_20260718\crops\rb_000160.png,,,uncertain,x_mark,0.35662,,0.35662,0.00084,0.00243,0.01892,0.02568,0.06514,0.22928
file_c55a07ff89eb44d9,asset_07806939f8188a93,vision_platform\ads\collections\reviewed_bbox_crops_20260718\crops\rb_000161.png,D:\Projects\adb_vl\vision_platform\ads\collections\reviewed_bbox_crops_20260718\crops\rb_000161.png,,,negative,got,0.30657,,0.21654,0.12975,0.04288,0.08129,0.25575,0.30657,0.18213
file_5d0f4d547f12a1f9,asset_1efd56983e8a2be7,vision_platform\ads\collections\reviewed_bbox_crops_20260718\crops\rb_000162.png,D:\Projects\adb_vl\vision_platform\ads\collections\reviewed_bbox_crops_20260718\crops\rb_000162.png,,,negative,play_triangle,0.12608,,0.00822,0.12608,0.00121,0.01627,0.04971,0.02865,0.02212
file_6238053c8e348d24,asset_6104349d1d13028a,vision_platform\ads\collections\reviewed_bbox_crops_20260718\crops\rb_000163.png,D:\Projects\adb_vl\vision_platform\ads\collections\reviewed_bbox_crops_20260718\crops\rb_000163.png,,,uncertain,x_mark,0.35662,,0.35662,0.00084,0.00243,0.01892,0.02568,0.06514,0.22928
file_a2eefc3b32cd77d2,asset_c067442c423acf78,vision_platform\ads\collections\reviewed_bbox_crops_20260718\crops\rb_000164.png,D:\Projects\adb_vl\vision_platform\ads\collections\reviewed_bbox_crops_20260718\crops\rb_000164.png,,,negative,got,0.17766,,0.16588,0.09144,0.03129,0.07641,0.12387,0.17766,0.15270
file_a7e95226550c356b,asset_53beadffe200f55d,vision_platform\ads\collections\reviewed_bbox_crops_20260718\crops\rb_000165.png,D:\Projects\adb_vl\vision_platform\ads\collections\reviewed_bbox_crops_20260718\crops\rb_000165.png,,,uncertain,x_mark,0.41678,,0.41678,0.04122,0.03788,0.24072,0.07375,0.15383,0.36829
file_081b7fcf077b5e2e,asset_4baeb732de29dc99,vision_platform\ads\collections\reviewed_bbox_crops_20260718\crops\rb_000166.png,D:\Projects\adb_vl\vision_platform\ads\collections\reviewed_bbox_crops_20260718\crops\rb_000166.png,,,negative,got,0.24551,,0.22479,0.11632,0.03744,0.09230,0.21437,0.24551,0.18793
file_953448be23ae1db9,asset_1efd56983e8a2be7,vision_platform\ads\collections\reviewed_bbox_crops_20260718\crops\rb_000167.png,D:\Projects\adb_vl\vision_platform\ads\collections\reviewed_bbox_crops_20260718\crops\rb_000167.png,,,negative,play_triangle,0.12608,,0.00822,0.12608,0.00121,0.01627,0.04971,0.02865,0.02212
file_f3370fca6a5a25e5,asset_6104349d1d13028a,vision_platform\ads\collections\reviewed_bbox_crops_20260718\crops\rb_000168.png,D:\Projects\adb_vl\vision_platform\ads\collections\reviewed_bbox_crops_20260718\crops\rb_000168.png,,,uncertain,x_mark,0.35662,,0.35662,0.00084,0.00243,0.01892,0.02568,0.06514,0.22928
file_820f998b0a7abeb8,asset_5b8b9efcafa07e95,vision_platform\ads\collections\reviewed_bbox_crops_20260718\crops\rb_000169.png,D:\Projects\adb_vl\vision_platform\ads\collections\reviewed_bbox_crops_20260718\crops\rb_000169.png,,,negative,free,0.28925,,0.22272,0.13985,0.04983,0.09021,0.28925,0.28417,0.20304
file_fa25aed9644a99f2,asset_1efd56983e8a2be7,vision_platform\ads\collections\reviewed_bbox_crops_20260718\crops\rb_000170.png,D:\Projects\adb_vl\vision_platform\ads\collections\reviewed_bbox_crops_20260718\crops\rb_000170.png,,,negative,play_triangle,0.12608,,0.00822,0.12608,0.00121,0.01627,0.04971,0.02865,0.02212
file_b2e085b44f5a5d9d,asset_6104349d1d13028a,vision_platform\ads\collections\reviewed_bbox_crops_20260718\crops\rb_000171.png,D:\Projects\adb_vl\vision_platform\ads\collections\reviewed_bbox_crops_20260718\crops\rb_000171.png,,,uncertain,x_mark,0.35662,,0.35662,0.00084,0.00243,0.01892,0.02568,0.06514,0.22928
file_46fa0185f555034a,asset_e726e438d0e40ddd,vision_platform\ads\collections\reviewed_bbox_crops_20260718\crops\rb_000172.png,D:\Projects\adb_vl\vision_platform\ads\collections\reviewed_bbox_crops_20260718\crops\rb_000172.png,,,negative,got,0.25023,,0.21578,0.14237,0.05629,0.08462,0.19427,0.25023,0.17162
file_8598f00aa97cf91c,asset_6104349d1d13028a,vision_platform\ads\collections\reviewed_bbox_crops_20260718\crops\rb_000173.png,D:\Projects\adb_vl\vision_platform\ads\collections\reviewed_bbox_crops_20260718\crops\rb_000173.png,,,uncertain,x_mark,0.35662,,0.35662,0.00084,0.00243,0.01892,0.02568,0.06514,0.22928
file_903e2f9644579f3a,asset_b6d5a1716e40d6af,vision_platform\ads\collections\reviewed_bbox_crops_20260718\crops\rb_000174.png,D:\Projects\adb_vl\vision_platform\ads\collections\reviewed_bbox_crops_20260718\crops\rb_000174.png,,,negative,got,0.29032,,0.22429,0.14185,0.05493,0.07999,0.20553,0.29032,0.15022
file_2522e538caa87309,asset_1efd56983e8a2be7,vision_platform\ads\collections\reviewed_bbox_crops_20260718\crops\rb_000175.png,D:\Projects\adb_vl\vision_platform\ads\collections\reviewed_bbox_crops_20260718\crops\rb_000175.png,,,negative,play_triangle,0.12608,,0.00822,0.12608,0.00121,0.01627,0.04971,0.02865,0.02212
file_20a9c5333b15a0aa,asset_4a60fdfab002b186,vision_platform\ads\collections\reviewed_bbox_crops_20260718\crops\rb_000176.png,D:\Projects\adb_vl\vision_platform\ads\collections\reviewed_bbox_crops_20260718\crops\rb_000176.png,,,x_mark|arrow,arrow,0.70742,,0.51211,0.09172,0.26132,0.40096,0.34674,0.27372,0.70742
file_70eab4aa71566fed,asset_3ddc68d29fa37c7a,vision_platform\ads\collections\reviewed_bbox_crops_20260718\crops\rb_000177.png,D:\Projects\adb_vl\vision_platform\ads\collections\reviewed_bbox_crops_20260718\crops\rb_000177.png,,,x_mark|arrow,x_mark,0.71396,,0.71396,0.14172,0.23275,0.32915,0.47028,0.39987,0.66156
file_1c3630ddefa6dba6,asset_7ee24ebf67df3d33,vision_platform\ads\collections\reviewed_bbox_crops_20260718\crops\rb_000178.png,D:\Projects\adb_vl\vision_platform\ads\collections\reviewed_bbox_crops_20260718\crops\rb_000178.png,,,negative,got,0.26413,,0.21316,0.12842,0.04394,0.08675,0.24869,0.26413,0.19439
file_b4823dc6f44ed0e4,asset_1efd56983e8a2be7,vision_platform\ads\collections\reviewed_bbox_crops_20260718\crops\rb_000179.png,D:\Projects\adb_vl\vision_platform\ads\collections\reviewed_bbox_crops_20260718\crops\rb_000179.png,,,negative,play_triangle,0.12608,,0.00822,0.12608,0.00121,0.01627,0.04971,0.02865,0.02212
file_bda9a20f9fdf9501,asset_53beadffe200f55d,vision_platform\ads\collections\reviewed_bbox_crops_20260718\crops\rb_000180.png,D:\Projects\adb_vl\vision_platform\ads\collections\reviewed_bbox_crops_20260718\crops\rb_000180.png,,,uncertain,x_mark,0.41678,,0.41678,0.04122,0.03788,0.24072,0.07375,0.15383,0.36829
file_9b5b5c10ec158498,asset_f8a2f617d0ab962b,vision_platform\ads\collections\reviewed_bbox_crops_20260718\crops\rb_000181.png,D:\Projects\adb_vl\vision_platform\ads\collections\reviewed_bbox_crops_20260718\crops\rb_000181.png,,,negative,got,0.27928,,0.23009,0.11124,0.03417,0.09093,0.21477,0.27928,0.16563
file_835c9ccfae3bc599,asset_9336f42fcea7e0b7,vision_platform\ads\collections\reviewed_bbox_crops_20260718\crops\rb_000182.png,D:\Projects\adb_vl\vision_platform\ads\collections\reviewed_bbox_crops_20260718\crops\rb_000182.png,,,x_mark|arrow,arrow,0.70524,,0.51181,0.08968,0.25818,0.39662,0.34751,0.27018,0.70524
file_b5862f5eee2bd34d,asset_258dc7524dde6bfe,vision_platform\ads\collections\reviewed_bbox_crops_20260718\crops\rb_000183.png,D:\Projects\adb_vl\vision_platform\ads\collections\reviewed_bbox_crops_20260718\crops\rb_000183.png,,,x_mark|arrow,x_mark,0.71027,,0.71027,0.13522,0.22708,0.32400,0.45736,0.39506,0.66205
file_b2f2ca30e61e090b,asset_47f3bd091a943bf3,vision_platform\ads\collections\reviewed_bbox_crops_20260718\crops\rb_000184.png,D:\Projects\adb_vl\vision_platform\ads\collections\reviewed_bbox_crops_20260718\crops\rb_000184.png,,,negative,got,0.26609,,0.23175,0.12052,0.04576,0.09541,0.23394,0.26609,0.18587
file_115e03a023710f05,asset_1efd56983e8a2be7,vision_platform\ads\collections\reviewed_bbox_crops_20260718\crops\rb_000185.png,D:\Projects\adb_vl\vision_platform\ads\collections\reviewed_bbox_crops_20260718\crops\rb_000185.png,,,negative,play_triangle,0.12608,,0.00822,0.12608,0.00121,0.01627,0.04971,0.02865,0.02212
file_3a92591d77240c53,asset_1efd56983e8a2be7,vision_platform\ads\collections\reviewed_bbox_crops_20260718\crops\rb_000186.png,D:\Projects\adb_vl\vision_platform\ads\collections\reviewed_bbox_crops_20260718\crops\rb_000186.png,,,negative,play_triangle,0.12608,,0.00822,0.12608,0.00121,0.01627,0.04971,0.02865,0.02212
file_fd561f18831e0e67,asset_1efd56983e8a2be7,vision_platform\ads\collections\reviewed_bbox_crops_20260718\crops\rb_000187.png,D:\Projects\adb_vl\vision_platform\ads\collections\reviewed_bbox_crops_20260718\crops\rb_000187.png,,,negative,play_triangle,0.12608,,0.00822,0.12608,0.00121,0.01627,0.04971,0.02865,0.02212
file_5d85190da480ef0d,asset_2814a8612c24914c,vision_platform\ads\collections\reviewed_bbox_crops_20260718\crops\rb_000188.png,D:\Projects\adb_vl\vision_platform\ads\collections\reviewed_bbox_crops_20260718\crops\rb_000188.png,,,x_mark|arrow,arrow,0.71156,,0.51550,0.09596,0.27261,0.41395,0.34555,0.28039,0.71156
file_583d3e5f16175353,asset_ba06f6fe6e90bf35,vision_platform\ads\collections\reviewed_bbox_crops_20260718\crops\rb_000189.png,D:\Projects\adb_vl\vision_platform\ads\collections\reviewed_bbox_crops_20260718\crops\rb_000189.png,,,x_mark|arrow,x_mark,0.70623,,0.70623,0.12941,0.22199,0.31907,0.43912,0.39113,0.66335
file_3ede1657ecbdcef2,asset_e0f9b0b7ef47940a,vision_platform\ads\collections\reviewed_bbox_crops_20260718\crops\rb_000190.png,D:\Projects\adb_vl\vision_platform\ads\collections\reviewed_bbox_crops_20260718\crops\rb_000190.png,,,negative,got,0.25923,,0.23381,0.11934,0.03861,0.09318,0.22814,0.25923,0.19037
file_ca66e278bf651e4f,asset_49fd2de5653947b4,vision_platform\ads\collections\reviewed_bbox_crops_20260718\crops\rb_000191.png,D:\Projects\adb_vl\vision_platform\ads\collections\reviewed_bbox_crops_20260718\crops\rb_000191.png,,,negative,play_triangle,0.32592,,0.08248,0.32592,0.00215,0.02436,0.10005,0.09115,0.02944
file_e1b144e2b6fdbd8c,asset_e803f75736766f83,vision_platform\ads\collections\reviewed_bbox_crops_20260718\crops\rb_000192.png,D:\Projects\adb_vl\vision_platform\ads\collections\reviewed_bbox_crops_20260718\crops\rb_000192.png,,,x_mark,x_mark,0.68592,,0.68592,0.18411,0.27961,0.41051,0.30190,0.30910,0.45995
file_9f8b320edd27915b,asset_f10069120b58ccf9,vision_platform\ads\collections\reviewed_bbox_crops_20260718\crops\rb_000193.png,D:\Projects\adb_vl\vision_platform\ads\collections\reviewed_bbox_crops_20260718\crops\rb_000193.png,,,negative,x_mark,0.22450,,0.22450,0.04477,0.02949,0.06619,0.07529,0.08654,0.10026
file_15ed11e405321cbb,asset_6a1897f966d58730,vision_platform\ads\collections\reviewed_bbox_crops_20260718\crops\rb_000194.png,D:\Projects\adb_vl\vision_platform\ads\collections\reviewed_bbox_crops_20260718\crops\rb_000194.png,,,negative,got,0.26946,,0.24064,0.14935,0.07356,0.09560,0.24375,0.26946,0.18446
file_ce53494f6714adf5,asset_1efd56983e8a2be7,vision_platform\ads\collections\reviewed_bbox_crops_20260718\crops\rb_000195.png,D:\Projects\adb_vl\vision_platform\ads\collections\reviewed_bbox_crops_20260718\crops\rb_000195.png,,,negative,play_triangle,0.12608,,0.00822,0.12608,0.00121,0.01627,0.04971,0.02865,0.02212
file_1da5901059e13361,asset_d63984efea65ebca,vision_platform\ads\collections\reviewed_bbox_crops_20260718\crops\rb_000196.png,D:\Projects\adb_vl\vision_platform\ads\collections\reviewed_bbox_crops_20260718\crops\rb_000196.png,,,x_mark|next|arrow,arrow,0.65648,,0.57248,0.40174,0.38479,0.56618,0.33180,0.33181,0.65648
file_9f8087f2af23b3fd,asset_50b9da088c5bcf37,vision_platform\ads\collections\reviewed_bbox_crops_20260718\crops\rb_000197.png,D:\Projects\adb_vl\vision_platform\ads\collections\reviewed_bbox_crops_20260718\crops\rb_000197.png,,,negative,got,0.28158,,0.22535,0.13713,0.05041,0.09249,0.26190,0.28158,0.19929
file_61a3dc2e4a8cfa70,asset_6788df1119bb2c5c,vision_platform\ads\collections\reviewed_bbox_crops_20260718\crops\rb_000198.png,D:\Projects\adb_vl\vision_platform\ads\collections\reviewed_bbox_crops_20260718\crops\rb_000198.png,,,x_mark|next|arrow,arrow,0.66898,,0.58044,0.39988,0.38864,0.57759,0.33284,0.33225,0.66898
file_cb84e9137d057526,asset_143988364bdc2b21,vision_platform\ads\collections\reviewed_bbox_crops_20260718\crops\rb_000199.png,D:\Projects\adb_vl\vision_platform\ads\collections\reviewed_bbox_crops_20260718\crops\rb_000199.png,,,negative,got,0.26887,,0.23286,0.13994,0.04999,0.09149,0.25150,0.26887,0.20200
file_dd31e9fdb34b187c,asset_1efd56983e8a2be7,vision_platform\ads\collections\reviewed_bbox_crops_20260718\crops\rb_000200.png,D:\Projects\adb_vl\vision_platform\ads\collections\reviewed_bbox_crops_20260718\crops\rb_000200.png,,,negative,play_triangle,0.12608,,0.00822,0.12608,0.00121,0.01627,0.04971,0.02865,0.02212
file_b3d3d941c081f532,asset_713d9bd8585df68b,vision_platform\ads\collections\reviewed_bbox_crops_20260718\crops\rb_000201.png,D:\Projects\adb_vl\vision_platform\ads\collections\reviewed_bbox_crops_20260718\crops\rb_000201.png,,,x_mark,x_mark,0.51352,,0.51352,0.20854,0.16670,0.20294,0.17351,0.08086,0.36843
file_b3bac06a83836101,asset_93e074b680c4fe7b,vision_platform\ads\collections\reviewed_bbox_crops_20260718\crops\rb_000202.png,D:\Projects\adb_vl\vision_platform\ads\collections\reviewed_bbox_crops_20260718\crops\rb_000202.png,,,negative,play_triangle,0.17723,,0.08846,0.17723,0.01124,0.02961,0.03899,0.02856,0.13781
file_3902cd5c61e2e3d9,asset_478ecdf953e4df35,vision_platform\ads\collections\reviewed_bbox_crops_20260718\crops\rb_000203.png,D:\Projects\adb_vl\vision_platform\ads\collections\reviewed_bbox_crops_20260718\crops\rb_000203.png,,,negative,x_mark,0.31163,,0.31163,0.00577,0.02334,0.02799,0.02617,0.01256,0.13284
file_fb5bc0ac494902be,asset_486695bef386ffa5,vision_platform\ads\collections\reviewed_bbox_crops_20260718\crops\rb_000204.png,D:\Projects\adb_vl\vision_platform\ads\collections\reviewed_bbox_crops_20260718\crops\rb_000204.png,,,negative,got,0.23016,,0.21094,0.11168,0.03682,0.09097,0.20023,0.23016,0.16820
file_fbc2a984e4331e81,asset_1efd56983e8a2be7,vision_platform\ads\collections\reviewed_bbox_crops_20260718\crops\rb_000205.png,D:\Projects\adb_vl\vision_platform\ads\collections\reviewed_bbox_crops_20260718\crops\rb_000205.png,,,negative,play_triangle,0.12608,,0.00822,0.12608,0.00121,0.01627,0.04971,0.02865,0.02212
file_b07faf42176367f9,asset_975338eb7abf4fba,vision_platform\ads\collections\reviewed_bbox_crops_20260718\crops\rb_000206.png,D:\Projects\adb_vl\vision_platform\ads\collections\reviewed_bbox_crops_20260718\crops\rb_000206.png,,,x_mark|next|arrow,arrow,0.66542,,0.58396,0.40064,0.39389,0.57729,0.33863,0.34639,0.66542
file_16878dce41e29742,asset_b5cde0641e1ee893,vision_platform\ads\collections\reviewed_bbox_crops_20260718\crops\rb_000207.png,D:\Projects\adb_vl\vision_platform\ads\collections\reviewed_bbox_crops_20260718\crops\rb_000207.png,,,negative,got,0.29656,,0.21289,0.14340,0.04673,0.08511,0.29534,0.29656,0.21143
file_9ce824a936b14908,asset_1efd56983e8a2be7,vision_platform\ads\collections\reviewed_bbox_crops_20260718\crops\rb_000208.png,D:\Projects\adb_vl\vision_platform\ads\collections\reviewed_bbox_crops_20260718\crops\rb_000208.png,,,negative,play_triangle,0.12608,,0.00822,0.12608,0.00121,0.01627,0.04971,0.02865,0.02212
file_1874c0dc9d5aed2f,asset_f2256dfcb0dd71f5,vision_platform\ads\collections\reviewed_bbox_crops_20260718\crops\rb_000209.png,D:\Projects\adb_vl\vision_platform\ads\collections\reviewed_bbox_crops_20260718\crops\rb_000209.png,,,uncertain,free,0.47182,,0.35959,0.04950,0.06140,0.16622,0.47182,0.17624,0.17995
file_b3f523ebdbe8e2f7,asset_eb80e032b6bb67fd,vision_platform\ads\collections\reviewed_bbox_crops_20260718\crops\rb_000210.png,D:\Projects\adb_vl\vision_platform\ads\collections\reviewed_bbox_crops_20260718\crops\rb_000210.png,,,negative,got,0.31486,,0.28220,0.12663,0.05339,0.10298,0.27330,0.31486,0.21875
file_2b4197b760048f71,asset_1efd56983e8a2be7,vision_platform\ads\collections\reviewed_bbox_crops_20260718\crops\rb_000211.png,D:\Projects\adb_vl\vision_platform\ads\collections\reviewed_bbox_crops_20260718\crops\rb_000211.png,,,negative,play_triangle,0.12608,,0.00822,0.12608,0.00121,0.01627,0.04971,0.02865,0.02212
file_be3dbd3a49dbb80b,asset_f100a9014b2156a1,vision_platform\ads\collections\reviewed_bbox_crops_20260718\crops\rb_000212.png,D:\Projects\adb_vl\vision_platform\ads\collections\reviewed_bbox_crops_20260718\crops\rb_000212.png,,,negative,x_mark,0.15135,,0.15135,0.01192,0.00878,0.06198,0.09281,0.02831,0.07046
file_4ac6ad712fdb4326,asset_c90cef604d9a9e87,vision_platform\ads\collections\reviewed_bbox_crops_20260718\crops\rb_000213.png,D:\Projects\adb_vl\vision_platform\ads\collections\reviewed_bbox_crops_20260718\crops\rb_000213.png,,,negative,got,0.19468,,0.18231,0.09377,0.03077,0.08465,0.18741,0.19468,0.16518
file_72f90d930172782c,asset_1efd56983e8a2be7,vision_platform\ads\collections\reviewed_bbox_crops_20260718\crops\rb_000214.png,D:\Projects\adb_vl\vision_platform\ads\collections\reviewed_bbox_crops_20260718\crops\rb_000214.png,,,negative,play_triangle,0.12608,,0.00822,0.12608,0.00121,0.01627,0.04971,0.02865,0.02212
file_22bf5b878c6cd933,asset_8fefe8e7dd3bc984,vision_platform\ads\collections\reviewed_bbox_crops_20260718\crops\rb_000215.png,D:\Projects\adb_vl\vision_platform\ads\collections\reviewed_bbox_crops_20260718\crops\rb_000215.png,,,negative,x_mark,0.30106,,0.30106,0.00841,0.01414,0.09659,0.19668,0.03552,0.13885
file_81e7be3ca6f94501,asset_12023eeb7ab4d73e,vision_platform\ads\collections\reviewed_bbox_crops_20260718\crops\rb_000216.png,D:\Projects\adb_vl\vision_platform\ads\collections\reviewed_bbox_crops_20260718\crops\rb_000216.png,,,negative,got,0.20941,,0.19669,0.11654,0.04436,0.08009,0.16310,0.20941,0.14246
file_52ffc09e92218b8f,asset_1efd56983e8a2be7,vision_platform\ads\collections\reviewed_bbox_crops_20260718\crops\rb_000217.png,D:\Projects\adb_vl\vision_platform\ads\collections\reviewed_bbox_crops_20260718\crops\rb_000217.png,,,negative,play_triangle,0.12608,,0.00822,0.12608,0.00121,0.01627,0.04971,0.02865,0.02212
file_c2dfd098db422abf,asset_653791f50f2b86dc,vision_platform\ads\collections\reviewed_bbox_crops_20260718\crops\rb_000218.png,D:\Projects\adb_vl\vision_platform\ads\collections\reviewed_bbox_crops_20260718\crops\rb_000218.png,,,x_mark,x_mark,0.53343,,0.53343,0.18119,0.10771,0.35116,0.36438,0.22752,0.49990
file_c85aeae53940063e,asset_8cb8d384f6e20cfc,vision_platform\ads\collections\reviewed_bbox_crops_20260718\crops\rb_000219.png,D:\Projects\adb_vl\vision_platform\ads\collections\reviewed_bbox_crops_20260718\crops\rb_000219.png,,,negative,got,0.23415,,0.20067,0.11229,0.03878,0.08888,0.23297,0.23415,0.19406
file_9c06f3d6e135662e,asset_1efd56983e8a2be7,vision_platform\ads\collections\reviewed_bbox_crops_20260718\crops\rb_000220.png,D:\Projects\adb_vl\vision_platform\ads\collections\reviewed_bbox_crops_20260718\crops\rb_000220.png,,,negative,play_triangle,0.12608,,0.00822,0.12608,0.00121,0.01627,0.04971,0.02865,0.02212
file_46f0b380dca37893,asset_1be0e923216efebf,vision_platform\ads\collections\reviewed_bbox_crops_20260718\crops\rb_000221.png,D:\Projects\adb_vl\vision_platform\ads\collections\reviewed_bbox_crops_20260718\crops\rb_000221.png,,,x_mark,x_mark,0.65829,,0.65829,0.14374,0.11597,0.24791,0.28002,0.12972,0.42127
file_9e30707abe11bb25,asset_566f3a1f4cc1ad7a,vision_platform\ads\collections\reviewed_bbox_crops_20260718\crops\rb_000222.png,D:\Projects\adb_vl\vision_platform\ads\collections\reviewed_bbox_crops_20260718\crops\rb_000222.png,,,negative,got,0.23085,,0.20270,0.11774,0.05330,0.08091,0.21208,0.23085,0.16086
