instance_id,content_id,families,relative_path,image_path,seeds_wrong,max_wrong_prob,min_true_prob,is_hard_negative,score,seed_details
file_2fc3a9ed2d1cc0ce,asset_9ef01bef87a3d333,negative,vision_platform\ads\hard_negative_mining\batch_visual_negative_20260714\crops\hn_000001.png,vision_platform\ads\pilot\visual_family_smoke_20260719\development_retrain_after_label_fix\dataset\images\vf_00298_negative_asset_9ef01bef87a3d333.png,3,0.746529757976532,1.0,1,424,s42 true=negative pred=x_mark top=x_mark:0.75 ; s43 true=negative pred=x_mark top=x_mark:0.67 ; s44 true=negative pred=x_mark top=x_mark:0.57
file_15cb9fd3b7b16124,asset_35ac884fc325961e,negative,vision_platform\ads\hard_negative_mining\batch_visual_negative_20260714\crops\hn_000224.png,vision_platform\ads\pilot\visual_family_smoke_20260719\development_retrain_after_label_fix\dataset\images\vf_00521_negative_asset_35ac884fc325961e.png,3,0.6333211064338684,1.0,1,413,s42 true=negative pred=next|play_triangle top=play_triangle:0.59 ; s43 true=negative pred=free|play_triangle top=play_triangle:0.63 ; s44 true=negative pred=play_triangle top=play_triangle:0.59
file_d3fa8550365f8fe4,asset_35ac884fc325961e,negative,vision_platform\ads\hard_negative_mining\batch_visual_negative_20260714\crops\hn_000232.png,vision_platform\ads\pilot\visual_family_smoke_20260719\development_retrain_after_label_fix\dataset\images\vf_00529_negative_asset_35ac884fc325961e.png,3,0.6333211064338684,1.0,1,413,s42 true=negative pred=next|play_triangle top=play_triangle:0.59 ; s43 true=negative pred=free|play_triangle top=play_triangle:0.63 ; s44 true=negative pred=play_triangle top=play_triangle:0.59
file_f47a194a48eb303f,asset_b8e24783cba5f65a,negative,vision_platform\ads\hard_negative_mining\batch_visual_negative_20260714\crops\hn_000536.png,vision_platform\ads\pilot\visual_family_smoke_20260719\development_retrain_after_label_fix\dataset\images\vf_00828_negative_asset_b8e24783cba5f65a.png,3,0.5888350009918213,1.0,1,408,s42 true=negative pred=x_mark top=x_mark:0.58 ; s43 true=negative pred=x_mark top=x_mark:0.59 ; s44 true=negative pred=x_mark top=x_mark:0.52
file_a8aaffec5ace5590,asset_d30b5d3b349008b2,negative,vision_platform\ads\hard_negative_mining\batch_visual_negative_20260714\crops\hn_000137.png,vision_platform\ads\pilot\visual_family_smoke_20260719\development_retrain_after_label_fix\dataset\images\vf_00434_negative_asset_d30b5d3b349008b2.png,2,0.7073973417282104,1.0,1,320,s42 true=negative pred=arrow|x_mark top=x_mark:0.71 ; s43 true=negative pred=x_mark top=x_mark:0.62
file_67e22b67ffdb6d58,asset_d30b5d3b349008b2,negative,vision_platform\ads\hard_negative_mining\batch_visual_negative_20260714\crops\hn_000141.png,vision_platform\ads\pilot\visual_family_smoke_20260719\development_retrain_after_label_fix\dataset\images\vf_00438_negative_asset_d30b5d3b349008b2.png,2,0.7073973417282104,1.0,1,320,s42 true=negative pred=arrow|x_mark top=x_mark:0.71 ; s43 true=negative pred=x_mark top=x_mark:0.62
file_2c0d23f19bece0c6,asset_d30b5d3b349008b2,negative,vision_platform\ads\hard_negative_mining\batch_visual_negative_20260714\crops\hn_000145.png,vision_platform\ads\pilot\visual_family_smoke_20260719\development_retrain_after_label_fix\dataset\images\vf_00442_negative_asset_d30b5d3b349008b2.png,2,0.7073973417282104,1.0,1,320,s42 true=negative pred=arrow|x_mark top=x_mark:0.71 ; s43 true=negative pred=x_mark top=x_mark:0.62
file_3486060ad0e8ad4f,asset_d30b5d3b349008b2,negative,vision_platform\ads\hard_negative_mining\batch_visual_negative_20260714\crops\hn_000149.png,vision_platform\ads\pilot\visual_family_smoke_20260719\development_retrain_after_label_fix\dataset\images\vf_00446_negative_asset_d30b5d3b349008b2.png,2,0.7073973417282104,1.0,1,320,s42 true=negative pred=arrow|x_mark top=x_mark:0.71 ; s43 true=negative pred=x_mark top=x_mark:0.62
file_d6b89e850c393744,asset_d30b5d3b349008b2,negative,vision_platform\ads\hard_negative_mining\batch_visual_negative_20260714\crops\hn_000153.png,vision_platform\ads\pilot\visual_family_smoke_20260719\development_retrain_after_label_fix\dataset\images\vf_00450_negative_asset_d30b5d3b349008b2.png,2,0.7073973417282104,1.0,1,320,s42 true=negative pred=arrow|x_mark top=x_mark:0.71 ; s43 true=negative pred=x_mark top=x_mark:0.62
file_d24f52806af63653,asset_d30b5d3b349008b2,negative,vision_platform\ads\hard_negative_mining\batch_visual_negative_20260714\crops\hn_000157.png,vision_platform\ads\pilot\visual_family_smoke_20260719\development_retrain_after_label_fix\dataset\images\vf_00454_negative_asset_d30b5d3b349008b2.png,2,0.7073973417282104,1.0,1,320,s42 true=negative pred=arrow|x_mark top=x_mark:0.71 ; s43 true=negative pred=x_mark top=x_mark:0.62
file_ef847d000f83a44b,asset_d30b5d3b349008b2,negative,vision_platform\ads\hard_negative_mining\batch_visual_negative_20260714\crops\hn_000188.png,vision_platform\ads\pilot\visual_family_smoke_20260719\development_retrain_after_label_fix\dataset\images\vf_00485_negative_asset_d30b5d3b349008b2.png,2,0.7073973417282104,1.0,1,320,s42 true=negative pred=arrow|x_mark top=x_mark:0.71 ; s43 true=negative pred=x_mark top=x_mark:0.62
file_57eb253678d502b3,asset_d30b5d3b349008b2,negative,vision_platform\ads\hard_negative_mining\batch_visual_negative_20260714\crops\hn_000191.png,vision_platform\ads\pilot\visual_family_smoke_20260719\development_retrain_after_label_fix\dataset\images\vf_00488_negative_asset_d30b5d3b349008b2.png,2,0.7073973417282104,1.0,1,320,s42 true=negative pred=arrow|x_mark top=x_mark:0.71 ; s43 true=negative pred=x_mark top=x_mark:0.62
file_aa3578c23f6f013e,asset_d30b5d3b349008b2,negative,vision_platform\ads\hard_negative_mining\batch_visual_negative_20260714\crops\hn_000195.png,vision_platform\ads\pilot\visual_family_smoke_20260719\development_retrain_after_label_fix\dataset\images\vf_00492_negative_asset_d30b5d3b349008b2.png,2,0.7073973417282104,1.0,1,320,s42 true=negative pred=arrow|x_mark top=x_mark:0.71 ; s43 true=negative pred=x_mark top=x_mark:0.62
file_d19c1ae5042e913b,asset_cc04ebf72c4073f4,negative,vision_platform\ads\hard_negative_mining\batch_visual_negative_20260714\crops\hn_000308.png,vision_platform\ads\pilot\visual_family_smoke_20260719\development_retrain_after_label_fix\dataset\images\vf_00605_negative_asset_cc04ebf72c4073f4.png,2,0.6884168386459351,1.0,1,318,s42 true=negative pred=x_mark top=x_mark:0.69 ; s43 true=negative pred=x_mark top=x_mark:0.57
file_9d37ff9d74a486c1,asset_cc04ebf72c4073f4,negative,vision_platform\ads\hard_negative_mining\batch_visual_negative_20260714\crops\hn_000315.png,vision_platform\ads\pilot\visual_family_smoke_20260719\development_retrain_after_label_fix\dataset\images\vf_00612_negative_asset_cc04ebf72c4073f4.png,2,0.6884168386459351,1.0,1,318,s42 true=negative pred=x_mark top=x_mark:0.69 ; s43 true=negative pred=x_mark top=x_mark:0.57
file_3fb23508805b4005,asset_0b590b370863f8c6,negative,vision_platform\ads\hard_negative_mining\batch_visual_negative_20260714\crops\hn_000472.png,vision_platform\ads\pilot\visual_family_smoke_20260719\development_retrain_after_label_fix\dataset\images\vf_00764_negative_asset_0b590b370863f8c6.png,2,0.6291545629501343,1.0,1,312,s43 true=negative pred=next top=next:0.56 ; s44 true=negative pred=arrow|next top=arrow:0.63
file_247878eeb2153bcd,asset_0b590b370863f8c6,negative,vision_platform\ads\hard_negative_mining\batch_visual_negative_20260714\crops\hn_000482.png,vision_platform\ads\pilot\visual_family_smoke_20260719\development_retrain_after_label_fix\dataset\images\vf_00774_negative_asset_0b590b370863f8c6.png,2,0.6291545629501343,1.0,1,312,s43 true=negative pred=next top=next:0.56 ; s44 true=negative pred=arrow|next top=arrow:0.63
file_72f9e642b73ff79f,asset_30eada6e537ba869,negative,vision_platform\ads\hard_negative_mining\batch_visual_negative_20260714\crops\hn_000513.png,vision_platform\ads\pilot\visual_family_smoke_20260719\development_retrain_after_label_fix\dataset\images\vf_00805_negative_asset_30eada6e537ba869.png,2,0.5876727104187012,1.0,1,308,s42 true=negative pred=play_triangle top=play_triangle:0.59 ; s43 true=negative pred=play_triangle top=play_triangle:0.57
file_ee319f420cecc510,asset_30eada6e537ba869,negative,vision_platform\ads\hard_negative_mining\batch_visual_negative_20260714\crops\hn_000516.png,vision_platform\ads\pilot\visual_family_smoke_20260719\development_retrain_after_label_fix\dataset\images\vf_00808_negative_asset_30eada6e537ba869.png,2,0.5876727104187012,1.0,1,308,s42 true=negative pred=play_triangle top=play_triangle:0.59 ; s43 true=negative pred=play_triangle top=play_triangle:0.57
file_7dcfcd1d8a9ce3aa,asset_aaa0d5a713804a65,negative,vision_platform\ads\hard_negative_mining\batch_visual_negative_20260714\crops\hn_000538.png,vision_platform\ads\pilot\visual_family_smoke_20260719\development_retrain_after_label_fix\dataset\images\vf_00830_negative_asset_aaa0d5a713804a65.png,1,0.6737093329429626,1.0,1,217,s44 true=negative pred=arrow|next top=arrow:0.67
file_330819cac3745bbd,asset_aaa0d5a713804a65,negative,vision_platform\ads\hard_negative_mining\batch_visual_negative_20260714\crops\hn_000547.png,vision_platform\ads\pilot\visual_family_smoke_20260719\development_retrain_after_label_fix\dataset\images\vf_00839_negative_asset_aaa0d5a713804a65.png,1,0.6737093329429626,1.0,1,217,s44 true=negative pred=arrow|next top=arrow:0.67
file_9571d299368d849d,asset_f41984001785bb2e,negative,vision_platform\ads\hard_negative_mining\batch_visual_negative_20260714\crops\hn_000235.png,vision_platform\ads\pilot\visual_family_smoke_20260719\development_retrain_after_label_fix\dataset\images\vf_00532_negative_asset_f41984001785bb2e.png,1,0.6540777683258057,1.0,1,215,s44 true=negative pred=arrow top=arrow:0.65
file_0ca7929710908e6d,asset_f41984001785bb2e,negative,vision_platform\ads\hard_negative_mining\batch_visual_negative_20260714\crops\hn_000506.png,vision_platform\ads\pilot\visual_family_smoke_20260719\development_retrain_after_label_fix\dataset\images\vf_00798_negative_asset_f41984001785bb2e.png,1,0.6540777683258057,1.0,1,215,s44 true=negative pred=arrow top=arrow:0.65
file_1b66dc3515ba6eee,asset_1355d96717c8cd0d,negative,vision_platform\ads\hard_negative_mining\batch_visual_negative_20260714\crops\hn_000030.png,vision_platform\ads\pilot\visual_family_smoke_20260719\development_retrain_after_label_fix\dataset\images\vf_00327_negative_asset_1355d96717c8cd0d.png,1,0.5348938703536987,1.0,1,203,s42 true=negative pred=google_play top=google_play:0.53
file_5990fed2f5a1fb53,asset_1355d96717c8cd0d,negative,vision_platform\ads\hard_negative_mining\batch_visual_negative_20260714\crops\hn_000035.png,vision_platform\ads\pilot\visual_family_smoke_20260719\development_retrain_after_label_fix\dataset\images\vf_00332_negative_asset_1355d96717c8cd0d.png,1,0.5348938703536987,1.0,1,203,s42 true=negative pred=google_play top=google_play:0.53
file_a57c45f4c381c6f3,asset_8226bffb9ee871c5,negative,vision_platform\ads\hard_negative_mining\batch_visual_negative_20260714\crops\hn_000522.png,vision_platform\ads\pilot\visual_family_smoke_20260719\development_retrain_after_label_fix\dataset\images\vf_00814_negative_asset_8226bffb9ee871c5.png,1,0.5301697850227356,1.0,1,203,s44 true=negative pred=x_mark top=x_mark:0.53
file_2b55d011077b8365,asset_8226bffb9ee871c5,negative,vision_platform\ads\hard_negative_mining\batch_visual_negative_20260714\crops\hn_000531.png,vision_platform\ads\pilot\visual_family_smoke_20260719\development_retrain_after_label_fix\dataset\images\vf_00823_negative_asset_8226bffb9ee871c5.png,1,0.5301697850227356,1.0,1,203,s44 true=negative pred=x_mark top=x_mark:0.53
file_c590ebbfe9db64ca,asset_6802a78b1f5efa66,x_mark,ads2\assets\1_templates\close_icons\close_x_valor.png,vision_platform\ads\pilot\visual_family_smoke_20260719\development_retrain_after_label_fix\dataset\images\vf_00053_x_mark_asset_6802a78b1f5efa66.png,3,0.8025335073471069,0.22582149505615234,0,400,s42 true=x_mark pred=google_play|got|next top=got:0.80 ; s43 true=x_mark pred=arrow|google_play|got top=got:0.64 ; s44 true=x_mark pred=google_play|got top=google_play:0.72
file_1b25b331d8c51571,asset_4b460828e7852a16,x_mark,vision_platform\ads\collections\reviewed_bbox_crops_20260718\crops\rb_000121.png,vision_platform\ads\pilot\visual_family_smoke_20260719\development_retrain_after_label_fix\dataset\images\vf_00196_x_mark_asset_4b460828e7852a16.png,3,0.7658082842826843,0.19497360289096832,0,396,s42 true=x_mark pred=arrow top=arrow:0.70 ; s43 true=x_mark pred=arrow|next top=arrow:0.57 ; s44 true=x_mark pred=arrow top=arrow:0.77
file_88b1cc8a3de93123,asset_44aa502360ac075b,x_mark,ads2\assets\1_templates\close_icons\close_12.png,vision_platform\ads\pilot\visual_family_smoke_20260719\development_retrain_after_label_fix\dataset\images\vf_00019_x_mark_asset_44aa502360ac075b.png,3,0.8961992859840393,0.5296902656555176,0,389,s42 true=x_mark pred=arrow|free|x_mark top=arrow:0.90 ; s43 true=x_mark pred=arrow|next|x_mark top=next:0.75 ; s44 true=x_mark pred=arrow|next|x_mark top=arrow:0.87
file_3c1dd248079e27eb,asset_22931ff7d50a4007,arrow|next,vision_platform\ads\runtime_collection\click_success\click_success_20260713_095042_528\crops\bbox.png,vision_platform\ads\pilot\visual_family_smoke_20260719\development_retrain_after_label_fix\dataset\images\vf_00989_arrow_next_asset_22931ff7d50a4007.png,3,0.8539517521858215,0.6175321340560913,0,385,s42 true=arrow|next pred=arrow|next|x_mark top=arrow:0.90 ; s43 true=arrow|next pred=arrow|next|x_mark top=next:0.91 ; s44 true=arrow|next pred=arrow|next|x_mark top=arrow:0.82
file_d69076ccf60a2327,asset_172ddc86ac086eee,x_mark,ads2\assets\1_templates\close_icons\close_x_momo.png,vision_platform\ads\pilot\visual_family_smoke_20260719\development_retrain_after_label_fix\dataset\images\vf_00052_x_mark_asset_172ddc86ac086eee.png,3,0.8568391799926758,0.750683069229126,0,385,s42 true=x_mark pred=arrow|x_mark top=arrow:0.86 ; s43 true=x_mark pred=arrow|next|x_mark top=x_mark:0.83 ; s44 true=x_mark pred=arrow|next|x_mark top=x_mark:0.75
file_80933b388bcd6724,asset_52eb220e60027c56,arrow,vision_platform\ads\runtime_collection\click_success\click_success_20260713_080814_562\crops\bbox.png,vision_platform\ads\pilot\visual_family_smoke_20260719\development_retrain_after_label_fix\dataset\images\vf_00866_arrow_asset_52eb220e60027c56.png,3,0.8355149030685425,0.8013529777526855,0,383,s42 true=arrow pred=arrow|x_mark top=arrow:0.86 ; s43 true=arrow pred=arrow|next|x_mark top=arrow:0.82 ; s44 true=arrow pred=arrow|next top=arrow:0.80
file_12942deaafab87b9,asset_52eb220e60027c56,arrow,vision_platform\ads\runtime_collection\click_success\click_success_20260713_132413_787\crops\bbox.png,vision_platform\ads\pilot\visual_family_smoke_20260719\development_retrain_after_label_fix\dataset\images\vf_01057_arrow_asset_52eb220e60027c56.png,3,0.8355149030685425,0.8013529777526855,0,383,s42 true=arrow pred=arrow|x_mark top=arrow:0.86 ; s43 true=arrow pred=arrow|next|x_mark top=arrow:0.82 ; s44 true=arrow pred=arrow|next top=arrow:0.80
file_37c927539f69d7db,asset_17a648c454f69753,negative,vision_platform\ads\hard_negative_mining\batch_visual_negative_20260714\crops\hn_000418.png,vision_platform\ads\pilot\visual_family_smoke_20260719\development_retrain_after_label_fix\dataset\images\vf_00712_negative_asset_17a648c454f69753.png,3,0.8218237161636353,1.0,0,382,s42 true=negative pred=arrow|next top=arrow:0.74 ; s43 true=negative pred=arrow top=arrow:0.64 ; s44 true=negative pred=arrow|next top=arrow:0.82
file_0da1190477d9a899,asset_720686941c854cbf,x_mark,ads2\assets\1_templates\close_icons\close_x_left.png,vision_platform\ads\pilot\visual_family_smoke_20260719\development_retrain_after_label_fix\dataset\images\vf_00051_x_mark_asset_720686941c854cbf.png,3,0.8134744763374329,0.5018580555915833,0,381,s42 true=x_mark pred=arrow|free|x_mark top=arrow:0.74 ; s43 true=x_mark pred=arrow|next|x_mark top=arrow:0.63 ; s44 true=x_mark pred=arrow|free|next|x_mark top=arrow:0.81
file_4a39bc8220b54bcf,asset_0adb2ecfead6543b,x_mark,ads2\assets\1_templates\close_icons\close_24.png,vision_platform\ads\pilot\visual_family_smoke_20260719\development_retrain_after_label_fix\dataset\images\vf_00032_x_mark_asset_0adb2ecfead6543b.png,3,0.8054227232933044,0.755699872970581,0,380,s42 true=x_mark pred=arrow|x_mark top=x_mark:0.86 ; s43 true=x_mark pred=arrow|next|x_mark top=x_mark:0.76 ; s44 true=x_mark pred=arrow|next|x_mark top=arrow:0.81
file_92bf9affe27f402d,asset_0ef553bd6095965f,arrow,vision_platform\ads\collections\reviewed_bbox_crops_20260718\crops\rb_000149.png,vision_platform\ads\pilot\visual_family_smoke_20260719\development_retrain_after_label_fix\dataset\images\vf_00224_arrow_asset_0ef553bd6095965f.png,3,0.7881671786308289,0.3909193277359009,0,378,s42 true=arrow pred=arrow|play_triangle top=play_triangle:0.79 ; s43 true=arrow pred=arrow|play_triangle top=play_triangle:0.77 ; s44 true=arrow pred=play_triangle top=play_triangle:0.61
file_1c610c21e82f0a3b,asset_3e2ac2ef5377fc3b,arrow,vision_platform\ads\runtime_collection\click_success\click_success_20260713_102508_020\crops\bbox.png,vision_platform\ads\pilot\visual_family_smoke_20260719\development_retrain_after_label_fix\dataset\images\vf_01033_arrow_asset_3e2ac2ef5377fc3b.png,3,0.7735580205917358,0.6787881851196289,0,377,s42 true=arrow pred=arrow|x_mark top=arrow:0.79 ; s43 true=arrow pred=arrow|x_mark top=x_mark:0.70 ; s44 true=arrow pred=arrow|x_mark top=arrow:0.86
file_350e5e44d7026bec,asset_f100a9014b2156a1,x_mark,vision_platform\ads\collections\reviewed_bbox_crops_20260718\crops\rb_000016.png,vision_platform\ads\pilot\visual_family_smoke_20260719\development_retrain_after_label_fix\dataset\images\vf_00091_x_mark_asset_f100a9014b2156a1.png,3,0.7790201306343079,0.8582228422164917,0,377,s42 true=x_mark pred=arrow|x_mark top=x_mark:0.88 ; s43 true=x_mark pred=arrow|x_mark top=x_mark:0.89 ; s44 true=x_mark pred=arrow|x_mark top=x_mark:0.86
file_be3dbd3a49dbb80b,asset_f100a9014b2156a1,x_mark,vision_platform\ads\collections\reviewed_bbox_crops_20260718\crops\rb_000212.png,vision_platform\ads\pilot\visual_family_smoke_20260719\development_retrain_after_label_fix\dataset\images\vf_00287_x_mark_asset_f100a9014b2156a1.png,3,0.7790201306343079,0.8582228422164917,0,377,s42 true=x_mark pred=arrow|x_mark top=x_mark:0.88 ; s43 true=x_mark pred=arrow|x_mark top=x_mark:0.89 ; s44 true=x_mark pred=arrow|x_mark top=x_mark:0.86
file_f17f0597f4a960bf,asset_28434918920405bd,got,vision_platform\ads\runtime_collection\click_success\click_success_20260713_080500_682\crops\bbox.png,vision_platform\ads\pilot\visual_family_smoke_20260719\development_retrain_after_label_fix\dataset\images\vf_00862_got_asset_28434918920405bd.png,3,0.5611717700958252,0.19032453000545502,0,376,s42 true=got pred=x_mark top=x_mark:0.56 ; s43 true=got pred=arrow|x_mark top=arrow:0.53 ; s44 true=got pred=negative top=arrow:0.49
file_89f5783d6a5d01a2,asset_5e68128f2f5b8dab,got,vision_platform\ads\runtime_collection\click_success\click_success_20260713_085715_383\crops\bbox.png,vision_platform\ads\pilot\visual_family_smoke_20260719\development_retrain_after_label_fix\dataset\images\vf_00918_got_asset_5e68128f2f5b8dab.png,3,0.5696781277656555,0.18317925930023193,0,376,s42 true=got pred=x_mark top=x_mark:0.55 ; s43 true=got pred=x_mark top=x_mark:0.57 ; s44 true=got pred=negative top=x_mark:0.42
file_91bbfc8a9546e898,asset_702ce9c110ac8383,x_mark,ads2\assets\1_templates\close_icons\close_x_gp.png,vision_platform\ads\pilot\visual_family_smoke_20260719\development_retrain_after_label_fix\dataset\images\vf_00049_x_mark_asset_702ce9c110ac8383.png,3,0.7607943415641785,0.6749831438064575,0,376,s42 true=x_mark pred=arrow|x_mark top=arrow:0.76 ; s43 true=x_mark pred=next|x_mark top=x_mark:0.76 ; s44 true=x_mark pred=arrow|next|x_mark top=x_mark:0.67
file_13eecab8cd7c9374,asset_5b3fbaac886e6b1c,arrow,ads2\assets\1_templates\close_icons\close_10.png,vision_platform\ads\pilot\visual_family_smoke_20260719\development_retrain_after_label_fix\dataset\images\vf_00017_arrow_asset_5b3fbaac886e6b1c.png,3,0.7504933476448059,0.5367509722709656,0,375,s42 true=arrow pred=arrow|x_mark top=x_mark:0.75 ; s43 true=arrow pred=arrow|x_mark top=arrow:0.62 ; s44 true=arrow pred=arrow|x_mark top=arrow:0.66
file_910f6d13ad48178b,asset_814457f65714bfe8,arrow,ads2\assets\1_templates\close_icons\close_11.png,vision_platform\ads\pilot\visual_family_smoke_20260719\development_retrain_after_label_fix\dataset\images\vf_00018_arrow_asset_814457f65714bfe8.png,3,0.753338634967804,0.7412780523300171,0,375,s42 true=arrow pred=arrow|free|got|next top=arrow:0.74 ; s43 true=arrow pred=arrow|got|next top=arrow:0.76 ; s44 true=arrow pred=arrow|got|next top=arrow:0.85
file_b45e660a5a2b7d8d,asset_0d4b215867996981,got,ads2\assets\1_templates\got_icons\got_1.png,vision_platform\ads\pilot\visual_family_smoke_20260719\development_retrain_after_label_fix\dataset\images\vf_00061_got_asset_0d4b215867996981.png,3,0.7465120553970337,0.42791247367858887,0,374,s42 true=got pred=negative top=got:0.48 ; s43 true=got pred=next top=next:0.50 ; s44 true=got pred=arrow|next top=arrow:0.75
file_2099c897741bb7ac,asset_3f76ae4068c4ab21,got,vision_platform\ads\runtime_collection\click_success\click_success_20260713_081934_414\crops\bbox.png,vision_platform\ads\pilot\visual_family_smoke_20260719\development_retrain_after_label_fix\dataset\images\vf_00897_got_asset_3f76ae4068c4ab21.png,3,0.5469819903373718,0.18999187648296356,0,374,s42 true=got pred=x_mark top=x_mark:0.55 ; s43 true=got pred=x_mark top=x_mark:0.54 ; s44 true=got pred=arrow|x_mark top=x_mark:0.51
file_9036c20d93a62e90,asset_bac6666a761e1adc,got,vision_platform\ads\runtime_collection\click_success\click_success_20260713_082129_269\crops\bbox.png,vision_platform\ads\pilot\visual_family_smoke_20260719\development_retrain_after_label_fix\dataset\images\vf_00909_got_asset_bac6666a761e1adc.png,3,0.5415348410606384,0.2081182301044464,0,374,s42 true=got pred=x_mark top=x_mark:0.54 ; s43 true=got pred=negative top=x_mark:0.50 ; s44 true=got pred=negative top=x_mark:0.49
file_17d3cc87b3c2ec90,asset_0f3b38cb29c91625,x_mark,vision_platform\ads\collections\reviewed_bbox_crops_20260718\crops\rb_000038.png,vision_platform\ads\pilot\visual_family_smoke_20260719\development_retrain_after_label_fix\dataset\images\vf_00113_x_mark_asset_0f3b38cb29c91625.png,3,0.7340624332427979,0.959071159362793,0,373,s42 true=x_mark pred=arrow|x_mark top=x_mark:0.97 ; s43 true=x_mark pred=arrow|x_mark top=x_mark:0.96 ; s44 true=x_mark pred=arrow|x_mark top=x_mark:0.96
file_f7dfb27948729023,asset_0f3b38cb29c91625,x_mark,vision_platform\ads\collections\reviewed_bbox_crops_20260718\crops\rb_000047.png,vision_platform\ads\pilot\visual_family_smoke_20260719\development_retrain_after_label_fix\dataset\images\vf_00122_x_mark_asset_0f3b38cb29c91625.png,3,0.7340624332427979,0.959071159362793,0,373,s42 true=x_mark pred=arrow|x_mark top=x_mark:0.97 ; s43 true=x_mark pred=arrow|x_mark top=x_mark:0.96 ; s44 true=x_mark pred=arrow|x_mark top=x_mark:0.96
file_ebae8724ba32676c,asset_a7d9dca074810b98,got,vision_platform\ads\runtime_collection\click_success\click_success_20260713_135913_569\crops\bbox.png,vision_platform\ads\pilot\visual_family_smoke_20260719\development_retrain_after_label_fix\dataset\images\vf_01083_got_asset_a7d9dca074810b98.png,3,0.5208746194839478,0.19274093210697174,0,372,s42 true=got pred=negative top=x_mark:0.50 ; s43 true=got pred=negative top=arrow:0.46 ; s44 true=got pred=x_mark top=x_mark:0.52
file_0796700f3e89b234,asset_62c0598db37c8764,x_mark,ads2\assets\1_templates\close_icons\ad_issue_20260606_042429_roi_0.png,vision_platform\ads\pilot\visual_family_smoke_20260719\development_retrain_after_label_fix\dataset\images\vf_00003_x_mark_asset_62c0598db37c8764.png,3,0.7219864726066589,0.5074920654296875,0,372,s42 true=x_mark pred=arrow|x_mark top=x_mark:0.75 ; s43 true=x_mark pred=arrow|x_mark top=x_mark:0.51 ; s44 true=x_mark pred=arrow|x_mark top=arrow:0.72
file_8ffbba45af380a08,asset_02c72c16cadd5f8d,free|got|x_mark,vision_platform\ads\runtime_collection\click_success\click_success_20260713_135749_996\crops\bbox.png,vision_platform\ads\pilot\visual_family_smoke_20260719\development_retrain_after_label_fix\dataset\images\vf_01075_free_got_x_mark_asset_02c72c16cadd5f8d.png,3,0.5142726302146912,0.10003574937582016,0,371,s42 true=free|got|x_mark pred=arrow|free top=free:0.91 ; s43 true=free|got|x_mark pred=arrow|free top=free:0.80 ; s44 true=free|got|x_mark pred=free top=free:0.94
file_4f0533509dde0ef4,asset_83893a37ecb22a22,arrow,vision_platform\ads\runtime_collection\click_success\click_success_20260713_095949_902\crops\bbox.png,vision_platform\ads\pilot\visual_family_smoke_20260719\development_retrain_after_label_fix\dataset\images\vf_01004_arrow_asset_83893a37ecb22a22.png,3,0.6938888430595398,0.6312402486801147,0,369,s42 true=arrow pred=arrow|x_mark top=arrow:0.80 ; s43 true=arrow pred=arrow|next|x_mark top=x_mark:0.69 ; s44 true=arrow pred=arrow|x_mark top=arrow:0.86
file_4bf30da4820066e0,asset_15eafa6f6d0ede04,negative,vision_platform\ads\hard_negative_mining\batch_visual_negative_20260714\crops\hn_000043.png,vision_platform\ads\pilot\visual_family_smoke_20260719\development_retrain_after_label_fix\dataset\images\vf_00340_negative_asset_15eafa6f6d0ede04.png,3,0.6914030313491821,1.0,0,369,s42 true=negative pred=play_triangle top=play_triangle:0.69 ; s43 true=negative pred=play_triangle top=play_triangle:0.57 ; s44 true=negative pred=play_triangle top=play_triangle:0.60
file_53b0e2ed15343d57,asset_15eafa6f6d0ede04,negative,vision_platform\ads\hard_negative_mining\batch_visual_negative_20260714\crops\hn_000051.png,vision_platform\ads\pilot\visual_family_smoke_20260719\development_retrain_after_label_fix\dataset\images\vf_00348_negative_asset_15eafa6f6d0ede04.png,3,0.6914030313491821,1.0,0,369,s42 true=negative pred=play_triangle top=play_triangle:0.69 ; s43 true=negative pred=play_triangle top=play_triangle:0.57 ; s44 true=negative pred=play_triangle top=play_triangle:0.60
file_61a3dc2e4a8cfa70,asset_6788df1119bb2c5c,x_mark,vision_platform\ads\collections\reviewed_bbox_crops_20260718\crops\rb_000198.png,vision_platform\ads\pilot\visual_family_smoke_20260719\development_retrain_after_label_fix\dataset\images\vf_00273_x_mark_asset_6788df1119bb2c5c.png,3,0.6907801628112793,0.3775882124900818,0,369,s42 true=x_mark pred=arrow|x_mark top=arrow:0.68 ; s43 true=x_mark pred=arrow|next|x_mark top=x_mark:0.64 ; s44 true=x_mark pred=arrow top=arrow:0.69
file_2aa5e3355a1f71c5,asset_31c3f0fd5986e5c4,arrow,vision_platform\ads\collections\reviewed_bbox_crops_20260718\crops\rb_000082.png,vision_platform\ads\pilot\visual_family_smoke_20260719\development_retrain_after_label_fix\dataset\images\vf_00157_arrow_asset_31c3f0fd5986e5c4.png,3,0.6878535747528076,0.7456550002098083,0,368,s42 true=arrow pred=arrow|next top=arrow:0.80 ; s43 true=arrow pred=arrow|next top=arrow:0.75 ; s44 true=arrow pred=arrow|next top=arrow:0.91
file_8aa403fa0a5d2da9,asset_6e9c3a68167cfe89,next,ads2\assets\1_templates\close_icons\close_skip_next2.png,vision_platform\ads\pilot\visual_family_smoke_20260719\development_retrain_after_label_fix\dataset\images\vf_00046_next_asset_6e9c3a68167cfe89.png,3,0.6520929336547852,0.42748087644577026,0,365,s42 true=next pred=got|next top=got:0.59 ; s43 true=next pred=got|next|play_triangle top=got:0.65 ; s44 true=next pred=negative top=arrow:0.47
file_b4be82e5125f9663,asset_48f6dabf3e612bc9,play_triangle,ads2\assets\1_templates\free_ad_icons\free_ad_1.png,vision_platform\ads\pilot\visual_family_smoke_20260719\development_retrain_after_label_fix\dataset\images\vf_00055_play_triangle_asset_48f6dabf3e612bc9.png,3,0.6590617895126343,0.30294913053512573,0,365,s42 true=play_triangle pred=arrow|free top=free:0.60 ; s43 true=play_triangle pred=arrow|free|play_triangle top=arrow:0.64 ; s44 true=play_triangle pred=arrow|free top=free:0.66
file_804b831df127544b,asset_48f6dabf3e612bc9,play_triangle,ads2\assets\1_templates\備份\free_ad_1.png,vision_platform\ads\pilot\visual_family_smoke_20260719\development_retrain_after_label_fix\dataset\images\vf_00072_play_triangle_asset_48f6dabf3e612bc9.png,3,0.6590617895126343,0.30294913053512573,0,365,s42 true=play_triangle pred=arrow|free top=free:0.60 ; s43 true=play_triangle pred=arrow|free|play_triangle top=arrow:0.64 ; s44 true=play_triangle pred=arrow|free top=free:0.66
file_6a655907ea5df0f6,asset_5ae52b786c1d5b30,arrow,vision_platform\ads\runtime_collection\click_success\click_success_20260713_132506_535\crops\bbox.png,vision_platform\ads\pilot\visual_family_smoke_20260719\development_retrain_after_label_fix\dataset\images\vf_01059_arrow_asset_5ae52b786c1d5b30.png,3,0.6481088399887085,0.7881312966346741,0,364,s42 true=arrow pred=arrow|free|x_mark top=arrow:0.84 ; s43 true=arrow pred=arrow|next top=arrow:0.79 ; s44 true=arrow pred=arrow|free|next|x_mark top=arrow:0.82
file_7bc838a11788ffbd,asset_a1652a32dbef3365,negative,vision_platform\ads\hard_negative_mining\batch_visual_negative_20260714\crops\hn_000220.png,vision_platform\ads\pilot\visual_family_smoke_20260719\development_retrain_after_label_fix\dataset\images\vf_00517_negative_asset_a1652a32dbef3365.png,3,0.641267716884613,1.0,0,364,s42 true=negative pred=play_triangle top=play_triangle:0.64 ; s43 true=negative pred=play_triangle top=play_triangle:0.64 ; s44 true=negative pred=play_triangle top=play_triangle:0.61
file_39dfbcfb03ba2fb0,asset_a1652a32dbef3365,negative,vision_platform\ads\hard_negative_mining\batch_visual_negative_20260714\crops\hn_000228.png,vision_platform\ads\pilot\visual_family_smoke_20260719\development_retrain_after_label_fix\dataset\images\vf_00525_negative_asset_a1652a32dbef3365.png,3,0.641267716884613,1.0,0,364,s42 true=negative pred=play_triangle top=play_triangle:0.64 ; s43 true=negative pred=play_triangle top=play_triangle:0.64 ; s44 true=negative pred=play_triangle top=play_triangle:0.61
file_ecb42889e244410f,asset_600c1aa4b826d2ff,arrow,ads2\assets\1_templates\備份\close_4.png,vision_platform\ads\pilot\visual_family_smoke_20260719\development_retrain_after_label_fix\dataset\images\vf_00068_arrow_asset_600c1aa4b826d2ff.png,3,0.6390396356582642,0.3902842104434967,0,363,s42 true=arrow pred=arrow|free|x_mark top=arrow:0.82 ; s43 true=arrow pred=next|x_mark top=x_mark:0.59 ; s44 true=arrow pred=arrow|next|x_mark top=arrow:0.73
file_f9f17c7bbbe70566,asset_28ce3027c4b3f3b5,got,vision_platform\ads\runtime_collection\click_success\click_success_20260713_090409_815\crops\bbox.png,vision_platform\ads\pilot\visual_family_smoke_20260719\development_retrain_after_label_fix\dataset\images\vf_00947_got_asset_28ce3027c4b3f3b5.png,3,0.633794903755188,0.3655824661254883,0,363,s42 true=got pred=got|x_mark top=got:0.66 ; s43 true=got pred=x_mark top=x_mark:0.60 ; s44 true=got pred=negative top=x_mark:0.43
file_3efd5fff0535d842,asset_d049e2e5337d8fee,negative,vision_platform\ads\hard_negative_mining\batch_visual_negative_20260714\crops\hn_000336.png,vision_platform\ads\pilot\visual_family_smoke_20260719\development_retrain_after_label_fix\dataset\images\vf_00633_negative_asset_d049e2e5337d8fee.png,3,0.6379058957099915,1.0,0,363,s42 true=negative pred=x_mark top=x_mark:0.64 ; s43 true=negative pred=x_mark top=x_mark:0.50 ; s44 true=negative pred=x_mark top=x_mark:0.63
file_99de56bfa2edab5c,asset_d049e2e5337d8fee,negative,vision_platform\ads\hard_negative_mining\batch_visual_negative_20260714\crops\hn_000343.png,vision_platform\ads\pilot\visual_family_smoke_20260719\development_retrain_after_label_fix\dataset\images\vf_00640_negative_asset_d049e2e5337d8fee.png,3,0.6379058957099915,1.0,0,363,s42 true=negative pred=x_mark top=x_mark:0.64 ; s43 true=negative pred=x_mark top=x_mark:0.50 ; s44 true=negative pred=x_mark top=x_mark:0.63
file_8bd6e958d40d0a1b,asset_3911db3a08d8407c,got,vision_platform\ads\runtime_collection\click_success\click_success_20260713_090311_972\crops\bbox.png,vision_platform\ads\pilot\visual_family_smoke_20260719\development_retrain_after_label_fix\dataset\images\vf_00941_got_asset_3911db3a08d8407c.png,3,0.628002941608429,0.34824320673942566,0,362,s42 true=got pred=got|x_mark top=got:0.68 ; s43 true=got pred=x_mark top=x_mark:0.55 ; s44 true=got pred=negative top=x_mark:0.45
file_4779a278b028aa94,asset_93e8a1c52eeed49d,got,vision_platform\ads\runtime_collection\click_success\click_success_20260713_100253_288\crops\bbox.png,vision_platform\ads\pilot\visual_family_smoke_20260719\development_retrain_after_label_fix\dataset\images\vf_01013_got_asset_93e8a1c52eeed49d.png,3,0.6100579500198364,0.31192368268966675,0,361,s42 true=got pred=got|x_mark top=x_mark:0.61 ; s43 true=got pred=x_mark top=x_mark:0.61 ; s44 true=got pred=negative top=x_mark:0.46
file_a5745491741dd931,asset_d94098ff97a6d4e1,got,vision_platform\ads\runtime_collection\click_success\click_success_20260713_103115_232\crops\bbox.png,vision_platform\ads\pilot\visual_family_smoke_20260719\development_retrain_after_label_fix\dataset\images\vf_01043_got_asset_d94098ff97a6d4e1.png,3,0.6054449677467346,0.3363865315914154,0,360,s42 true=got pred=got|x_mark top=got:0.61 ; s43 true=got pred=x_mark top=x_mark:0.55 ; s44 true=got pred=negative top=x_mark:0.50
file_a6dbca664e932053,asset_fe9d31d6ed9b602d,got,vision_platform\ads\runtime_collection\click_success\click_success_20260713_100202_021\crops\bbox.png,vision_platform\ads\pilot\visual_family_smoke_20260719\development_retrain_after_label_fix\dataset\images\vf_01010_got_asset_fe9d31d6ed9b602d.png,3,0.5959082245826721,0.29377517104148865,0,359,s42 true=got pred=got|x_mark top=got:0.63 ; s43 true=got pred=negative top=x_mark:0.50 ; s44 true=got pred=negative top=x_mark:0.47
file_8711b5e5a308a203,asset_cfc5b6cc2ed31dc0,negative,vision_platform\ads\hard_negative_mining\batch_visual_negative_20260714\crops\hn_000196.png,vision_platform\ads\pilot\visual_family_smoke_20260719\development_retrain_after_label_fix\dataset\images\vf_00493_negative_asset_cfc5b6cc2ed31dc0.png,3,0.5903406143188477,1.0,0,359,s42 true=negative pred=x_mark top=x_mark:0.59 ; s43 true=negative pred=x_mark top=x_mark:0.59 ; s44 true=negative pred=x_mark top=x_mark:0.51
file_cae6fec426076907,asset_cfc5b6cc2ed31dc0,negative,vision_platform\ads\hard_negative_mining\batch_visual_negative_20260714\crops\hn_000203.png,vision_platform\ads\pilot\visual_family_smoke_20260719\development_retrain_after_label_fix\dataset\images\vf_00500_negative_asset_cfc5b6cc2ed31dc0.png,3,0.5903406143188477,1.0,0,359,s42 true=negative pred=x_mark top=x_mark:0.59 ; s43 true=negative pred=x_mark top=x_mark:0.59 ; s44 true=negative pred=x_mark top=x_mark:0.51
file_0d431070739ad3e5,asset_cfc5b6cc2ed31dc0,negative,vision_platform\ads\hard_negative_mining\batch_visual_negative_20260714\crops\hn_000210.png,vision_platform\ads\pilot\visual_family_smoke_20260719\development_retrain_after_label_fix\dataset\images\vf_00507_negative_asset_cfc5b6cc2ed31dc0.png,3,0.5903406143188477,1.0,0,359,s42 true=negative pred=x_mark top=x_mark:0.59 ; s43 true=negative pred=x_mark top=x_mark:0.59 ; s44 true=negative pred=x_mark top=x_mark:0.51
file_7a30ab4de7eb758c,asset_b2c26a493402602b,x_mark,ads2\assets\1_templates\close_icons\close_x_end.png,vision_platform\ads\pilot\visual_family_smoke_20260719\development_retrain_after_label_fix\dataset\images\vf_00047_x_mark_asset_b2c26a493402602b.png,3,0.5981642007827759,0.46578919887542725,0,359,s42 true=x_mark pred=arrow|x_mark top=x_mark:0.63 ; s43 true=x_mark pred=negative top=next:0.48 ; s44 true=x_mark pred=arrow|x_mark top=arrow:0.60
file_20a9c5333b15a0aa,asset_4a60fdfab002b186,arrow,vision_platform\ads\collections\reviewed_bbox_crops_20260718\crops\rb_000176.png,vision_platform\ads\pilot\visual_family_smoke_20260719\development_retrain_after_label_fix\dataset\images\vf_00251_arrow_asset_4a60fdfab002b186.png,3,0.578801691532135,0.7096773386001587,0,357,s42 true=arrow pred=arrow|next top=arrow:0.71 ; s43 true=arrow pred=arrow|next top=arrow:0.76 ; s44 true=arrow pred=arrow|next top=arrow:0.82
file_b3d3d941c081f532,asset_713d9bd8585df68b,arrow,vision_platform\ads\collections\reviewed_bbox_crops_20260718\crops\rb_000201.png,vision_platform\ads\pilot\visual_family_smoke_20260719\development_retrain_after_label_fix\dataset\images\vf_00276_arrow_asset_713d9bd8585df68b.png,3,0.0,0.03782027214765549,0,320,s42 true=arrow pred=negative top=next:0.13 ; s43 true=arrow pred=negative top=x_mark:0.09 ; s44 true=arrow pred=negative top=next:0.09
file_8530abf2f6494c7a,asset_963baf19279319e4,got,vision_platform\ads\runtime_collection\click_success\click_success_20260713_081523_978\crops\bbox.png,vision_platform\ads\pilot\visual_family_smoke_20260719\development_retrain_after_label_fix\dataset\images\vf_00882_got_asset_963baf19279319e4.png,3,0.0,0.16867701709270477,0,320,s42 true=got pred=negative top=x_mark:0.47 ; s43 true=got pred=negative top=x_mark:0.45 ; s44 true=got pred=negative top=x_mark:0.44
file_15d57ab21d089397,asset_737da74c398dd713,got,vision_platform\ads\runtime_collection\click_success\click_success_20260713_081552_811\crops\bbox.png,vision_platform\ads\pilot\visual_family_smoke_20260719\development_retrain_after_label_fix\dataset\images\vf_00885_got_asset_737da74c398dd713.png,3,0.0,0.22007529437541962,0,320,s42 true=got pred=negative top=x_mark:0.44 ; s43 true=got pred=negative top=arrow:0.45 ; s44 true=got pred=negative top=x_mark:0.48
file_3fb8b5064903ca0c,asset_11db72d833ab9f3d,got,vision_platform\ads\runtime_collection\click_success\click_success_20260713_081650_337\crops\bbox.png,vision_platform\ads\pilot\visual_family_smoke_20260719\development_retrain_after_label_fix\dataset\images\vf_00891_got_asset_11db72d833ab9f3d.png,3,0.0,0.1974291056394577,0,320,s42 true=got pred=negative top=x_mark:0.41 ; s43 true=got pred=negative top=arrow:0.42 ; s44 true=got pred=negative top=x_mark:0.33
file_1d474dd251495027,asset_64468130aeae340f,got,vision_platform\ads\runtime_collection\click_success\click_success_20260713_081719_192\crops\bbox.png,vision_platform\ads\pilot\visual_family_smoke_20260719\development_retrain_after_label_fix\dataset\images\vf_00894_got_asset_64468130aeae340f.png,3,0.0,0.20220810174942017,0,320,s42 true=got pred=negative top=x_mark:0.44 ; s43 true=got pred=negative top=arrow:0.43 ; s44 true=got pred=negative top=arrow:0.35
file_b651671549196160,asset_00f7d7b29ed47ea4,got,vision_platform\ads\runtime_collection\click_success\click_success_20260713_085844_232\crops\bbox.png,vision_platform\ads\pilot\visual_family_smoke_20260719\development_retrain_after_label_fix\dataset\images\vf_00927_got_asset_00f7d7b29ed47ea4.png,3,0.0,0.21764713525772095,0,320,s42 true=got pred=negative top=got:0.46 ; s43 true=got pred=negative top=x_mark:0.43 ; s44 true=got pred=negative top=x_mark:0.35
file_a067bd798a422f13,asset_183568ccccf9b17c,got,vision_platform\ads\runtime_collection\click_success\click_success_20260713_095216_081\crops\bbox.png,vision_platform\ads\pilot\visual_family_smoke_20260719\development_retrain_after_label_fix\dataset\images\vf_00993_got_asset_183568ccccf9b17c.png,3,0.0,0.21743503212928772,0,320,s42 true=got pred=negative top=got:0.49 ; s43 true=got pred=negative top=x_mark:0.34 ; s44 true=got pred=negative top=got:0.36
file_e41974232e7b3369,asset_25a22f5df74ffae1,got,vision_platform\ads\runtime_collection\click_success\click_success_20260713_132613_620\crops\bbox.png,vision_platform\ads\pilot\visual_family_smoke_20260719\development_retrain_after_label_fix\dataset\images\vf_01063_got_asset_25a22f5df74ffae1.png,3,0.0,0.1906156986951828,0,320,s42 true=got pred=negative top=x_mark:0.47 ; s43 true=got pred=negative top=x_mark:0.38 ; s44 true=got pred=negative top=x_mark:0.48
file_dddc8918627d32c5,asset_fbc8aa9f5506c36f,got,vision_platform\ads\runtime_collection\click_success\click_success_20260713_163205_424\crops\bbox.png,vision_platform\ads\pilot\visual_family_smoke_20260719\development_retrain_after_label_fix\dataset\images\vf_01092_got_asset_fbc8aa9f5506c36f.png,3,0.0,0.17482107877731323,0,320,s42 true=got pred=negative top=x_mark:0.42 ; s43 true=got pred=negative top=next:0.38 ; s44 true=got pred=negative top=x_mark:0.41
file_ed1467fb03b0b8ba,asset_d8a2f9660c5625b5,play_triangle,ads2\assets\1_templates\free_ad_icons\播放.png,vision_platform\ads\pilot\visual_family_smoke_20260719\development_retrain_after_label_fix\dataset\images\vf_00059_play_triangle_asset_d8a2f9660c5625b5.png,3,0.0,0.2443707287311554,0,320,s42 true=play_triangle pred=negative top=x_mark:0.42 ; s43 true=play_triangle pred=negative top=play_triangle:0.47 ; s44 true=play_triangle pred=negative top=play_triangle:0.36
file_ff3629974dd436be,asset_8c06d20936fec0bb,free,vision_platform\ads\collections\reviewed_bbox_crops_20260718\crops\rb_000120.png,vision_platform\ads\pilot\visual_family_smoke_20260719\development_retrain_after_label_fix\dataset\images\vf_00195_free_asset_8c06d20936fec0bb.png,2,0.8336089253425598,0.20404042303562164,0,303,s42 true=free pred=play_triangle top=play_triangle:0.83 ; s44 true=free pred=play_triangle top=play_triangle:0.80
file_8d4e790d85b34365,asset_122938791c6b146a,got,vision_platform\ads\runtime_collection\click_success\click_success_20260713_092333_686\crops\bbox.png,vision_platform\ads\pilot\visual_family_smoke_20260719\development_retrain_after_label_fix\dataset\images\vf_00953_got_asset_122938791c6b146a.png,3,0.0,0.32979848980903625,0,300,s42 true=got pred=negative top=got:0.48 ; s43 true=got pred=negative top=got:0.36 ; s44 true=got pred=negative top=got:0.33
file_11d37ff21c14074b,asset_cbed584f4a7a79fc,got,vision_platform\ads\runtime_collection\click_success\click_success_20260713_095051_741\crops\bbox.png,vision_platform\ads\pilot\visual_family_smoke_20260719\development_retrain_after_label_fix\dataset\images\vf_00990_got_asset_cbed584f4a7a79fc.png,3,0.0,0.3246975839138031,0,300,s42 true=got pred=negative top=got:0.47 ; s43 true=got pred=negative top=got:0.32 ; s44 true=got pred=negative top=got:0.36
file_396637fffb08b166,asset_6464ee682b6e9539,got,vision_platform\ads\runtime_collection\click_success\click_success_20260713_102018_720\crops\bbox.png,vision_platform\ads\pilot\visual_family_smoke_20260719\development_retrain_after_label_fix\dataset\images\vf_01022_got_asset_6464ee682b6e9539.png,3,0.0,0.2871973514556885,0,300,s42 true=got pred=negative top=got:0.46 ; s43 true=got pred=negative top=arrow:0.32 ; s44 true=got pred=negative top=x_mark:0.33
file_62c3dd3102650707,asset_a6a1a807225333d3,got,vision_platform\ads\runtime_collection\click_success\click_success_20260713_102143_549\crops\bbox.png,vision_platform\ads\pilot\visual_family_smoke_20260719\development_retrain_after_label_fix\dataset\images\vf_01025_got_asset_a6a1a807225333d3.png,3,0.0,0.2778898775577545,0,300,s42 true=got pred=negative top=got:0.47 ; s43 true=got pred=negative top=x_mark:0.30 ; s44 true=got pred=negative top=got:0.33
file_316f75bc9fb119a6,asset_1666aaa13124f098,free,vision_platform\ads\collections\reviewed_bbox_crops_20260718\crops\rb_000073.png,vision_platform\ads\pilot\visual_family_smoke_20260719\development_retrain_after_label_fix\dataset\images\vf_00148_free_asset_1666aaa13124f098.png,2,0.9254418015480042,0.33699777722358704,0,292,s42 true=free pred=play_triangle top=play_triangle:0.87 ; s43 true=free pred=play_triangle top=play_triangle:0.93
file_c88fffda1bde6376,asset_fc192034daaaf1b7,arrow,ads2\assets\1_templates\close_icons\close_back_gp.png,vision_platform\ads\pilot\visual_family_smoke_20260719\development_retrain_after_label_fix\dataset\images\vf_00041_arrow_asset_fc192034daaaf1b7.png,2,0.9099639058113098,0.84585040807724,0,290,s42 true=arrow pred=arrow|next|x_mark top=arrow:0.91 ; s43 true=arrow pred=arrow|next|x_mark top=x_mark:0.91
file_e01dd7c029653e86,asset_7513f11f0e141a8c,x_mark,ads2\assets\1_templates\close_icons\close_14.png,vision_platform\ads\pilot\visual_family_smoke_20260719\development_retrain_after_label_fix\dataset\images\vf_00021_x_mark_asset_7513f11f0e141a8c.png,2,0.9042658805847168,0.7509258389472961,0,290,s42 true=x_mark pred=arrow|next|x_mark top=x_mark:0.84 ; s44 true=x_mark pred=arrow|next|x_mark top=arrow:0.90
file_ec85e8680fb6449d,asset_ca2b6cba35c5b2d0,x_mark,ads2\assets\1_templates\備份\ad_issue_20260606_043707_roi_0.png,vision_platform\ads\pilot\visual_family_smoke_20260719\development_retrain_after_label_fix\dataset\images\vf_00066_x_mark_asset_ca2b6cba35c5b2d0.png,2,0.907846987247467,0.467751681804657,0,290,s43 true=x_mark pred=arrow|next|x_mark top=x_mark:0.74 ; s44 true=x_mark pred=arrow top=arrow:0.91
file_c6293287feb9bff3,asset_9fdb4db2e3fe6848,x_mark,ads2\assets\1_templates\close_icons\close_17.png,vision_platform\ads\pilot\visual_family_smoke_20260719\development_retrain_after_label_fix\dataset\images\vf_00024_x_mark_asset_9fdb4db2e3fe6848.png,2,0.8808335661888123,0.7603098154067993,0,288,s42 true=x_mark pred=arrow|x_mark top=arrow:0.88 ; s43 true=x_mark pred=arrow|next|x_mark top=x_mark:0.79
file_a54b16efa4d7551a,asset_8524767750bea86e,arrow|next,vision_platform\ads\runtime_collection\click_success\click_success_20260713_081144_892\crops\bbox.png,vision_platform\ads\pilot\visual_family_smoke_20260719\development_retrain_after_label_fix\dataset\images\vf_00875_arrow_next_asset_8524767750bea86e.png,2,0.8794687986373901,0.6520025730133057,0,287,s42 true=arrow|next pred=arrow|next|x_mark top=arrow:0.92 ; s43 true=arrow|next pred=arrow|next|x_mark top=next:0.92
file_10ad0c35675aa5ca,asset_8524767750bea86e,arrow|next,vision_platform\ads\runtime_collection\click_success\click_success_20260713_163040_449\crops\bbox.png,vision_platform\ads\pilot\visual_family_smoke_20260719\development_retrain_after_label_fix\dataset\images\vf_01088_arrow_next_asset_8524767750bea86e.png,2,0.8794687986373901,0.6520025730133057,0,287,s42 true=arrow|next pred=arrow|next|x_mark top=arrow:0.92 ; s43 true=arrow|next pred=arrow|next|x_mark top=next:0.92
file_3dbd94023a2aefb9,asset_ae17f2d94d0c0ab9,x_mark,ads2\assets\1_templates\close_icons\close_x_gp2.png,vision_platform\ads\pilot\visual_family_smoke_20260719\development_retrain_after_label_fix\dataset\images\vf_00050_x_mark_asset_ae17f2d94d0c0ab9.png,2,0.8726725578308105,0.5001278519630432,0,287,s43 true=x_mark pred=arrow|next|x_mark top=next:0.80 ; s44 true=x_mark pred=arrow|next|x_mark top=arrow:0.87
file_abe392545a8d5177,asset_55fbb5e834c0e298,x_mark,vision_platform\ads\runtime_collection\click_success\click_success_20260713_100156_787\crops\bbox.png,vision_platform\ads\pilot\visual_family_smoke_20260719\development_retrain_after_label_fix\dataset\images\vf_01009_x_mark_asset_55fbb5e834c0e298.png,2,0.8755735158920288,0.7235202193260193,0,287,s42 true=x_mark pred=arrow|x_mark top=arrow:0.88 ; s43 true=x_mark pred=arrow|next|x_mark top=x_mark:0.72
file_a4f0c7925d120a09,asset_2a7b5573529608a3,x_mark,ads2\assets\1_templates\close_icons\ad_issue_20260606_052302_roi_0.png,vision_platform\ads\pilot\visual_family_smoke_20260719\development_retrain_after_label_fix\dataset\images\vf_00011_x_mark_asset_2a7b5573529608a3.png,2,0.8601545095443726,0.8247807025909424,0,286,s42 true=x_mark pred=arrow|x_mark top=arrow:0.86 ; s43 true=x_mark pred=arrow|next|x_mark top=x_mark:0.85
file_993270f6ad69f631,asset_b3e20e7760a44b0a,arrow,vision_platform\ads\runtime_collection\click_success\click_success_20260713_080258_516\crops\bbox.png,vision_platform\ads\pilot\visual_family_smoke_20260719\development_retrain_after_label_fix\dataset\images\vf_00855_arrow_asset_b3e20e7760a44b0a.png,2,0.8429261445999146,0.8682959675788879,0,284,s42 true=arrow pred=arrow|x_mark top=arrow:0.91 ; s43 true=arrow pred=arrow|next|x_mark top=arrow:0.87
file_38f39cb8171bbccd,asset_f05a7a52f60d291b,arrow,ads2\assets\1_templates\close_icons\ad_issue_20260606_045316_roi_0.png,vision_platform\ads\pilot\visual_family_smoke_20260719\development_retrain_after_label_fix\dataset\images\vf_00008_arrow_asset_f05a7a52f60d291b.png,2,0.8393259644508362,0.4043273329734802,0,283,s42 true=arrow pred=x_mark top=x_mark:0.84 ; s44 true=arrow pred=next top=next:0.57
file_55b41688a921e7a4,asset_f54277695108c8b6,arrow,ads2\assets\1_templates\close_icons\close_9.png,vision_platform\ads\pilot\visual_family_smoke_20260719\development_retrain_after_label_fix\dataset\images\vf_00040_arrow_asset_f54277695108c8b6.png,2,0.8337920308113098,0.8382483720779419,0,283,s43 true=arrow pred=arrow|next|x_mark top=arrow:0.84 ; s44 true=arrow pred=arrow|next|x_mark top=arrow:0.89
file_ff68673e47bf2194,asset_811965ed2f4bf3fe,x_mark,ads2\assets\1_templates\close_icons\ad_issue_20260606_044653_roi_0.png,vision_platform\ads\pilot\visual_family_smoke_20260719\development_retrain_after_label_fix\dataset\images\vf_00006_x_mark_asset_811965ed2f4bf3fe.png,2,0.8380287885665894,0.5383734107017517,0,283,s42 true=x_mark pred=arrow|x_mark top=arrow:0.83 ; s44 true=x_mark pred=arrow|next|x_mark top=arrow:0.84
file_819590d43e808e84,asset_de74d2f098c11963,arrow,vision_platform\ads\runtime_collection\click_success\click_success_20260713_080848_828\crops\bbox.png,vision_platform\ads\pilot\visual_family_smoke_20260719\development_retrain_after_label_fix\dataset\images\vf_00868_arrow_asset_de74d2f098c11963.png,2,0.829921543598175,0.7130000591278076,0,282,s42 true=arrow pred=arrow|free|x_mark top=x_mark:0.83 ; s43 true=arrow pred=arrow|next|x_mark top=next:0.79
file_ac306bdc17a9bfa0,asset_2af1b7045f897a9e,free,ads2\assets\1_templates\free_ad_icons\close_26.png,vision_platform\ads\pilot\visual_family_smoke_20260719\development_retrain_after_label_fix\dataset\images\vf_00054_free_asset_2af1b7045f897a9e.png,2,0.7927907705307007,0.7444857358932495,0,279,s42 true=free pred=arrow|free top=free:0.74 ; s44 true=free pred=arrow|free top=free:0.83
file_1826db5c62538f61,asset_4c87c089867a99c8,x_mark,vision_platform\ads\collections\reviewed_bbox_crops_20260718\crops\rb_000011.png,vision_platform\ads\pilot\visual_family_smoke_20260719\development_retrain_after_label_fix\dataset\images\vf_00086_x_mark_asset_4c87c089867a99c8.png,2,0.7859271764755249,0.8584402799606323,0,278,s43 true=x_mark pred=arrow|x_mark top=x_mark:0.88 ; s44 true=x_mark pred=arrow|x_mark top=x_mark:0.86
file_c0732ecb975d0119,asset_4c87c089867a99c8,x_mark,vision_platform\ads\collections\reviewed_bbox_crops_20260718\crops\rb_000023.png,vision_platform\ads\pilot\visual_family_smoke_20260719\development_retrain_after_label_fix\dataset\images\vf_00098_x_mark_asset_4c87c089867a99c8.png,2,0.7859271764755249,0.8584402799606323,0,278,s43 true=x_mark pred=arrow|x_mark top=x_mark:0.88 ; s44 true=x_mark pred=arrow|x_mark top=x_mark:0.86
file_7bb1b60bd9354098,asset_d9d86649c8843324,x_mark,vision_platform\ads\collections\reviewed_bbox_crops_20260718\crops\rb_000050.png,vision_platform\ads\pilot\visual_family_smoke_20260719\development_retrain_after_label_fix\dataset\images\vf_00125_x_mark_asset_d9d86649c8843324.png,2,0.7781375050544739,0.8628531098365784,0,277,s42 true=x_mark pred=arrow|x_mark top=x_mark:0.87 ; s44 true=x_mark pred=arrow|x_mark top=x_mark:0.86
file_0c54c714e6e4e54c,asset_ef19a71539533c38,x_mark,ads2\assets\1_templates\close_icons\ad_issue_20260606_044717_roi_0.png,vision_platform\ads\pilot\visual_family_smoke_20260719\development_retrain_after_label_fix\dataset\images\vf_00007_x_mark_asset_ef19a71539533c38.png,2,0.7612543702125549,0.8420390486717224,0,276,s42 true=x_mark pred=arrow|x_mark top=x_mark:0.84 ; s43 true=x_mark pred=arrow|next|x_mark top=x_mark:0.84
file_fd520d40f4131be2,asset_837bff722f31b610,negative,vision_platform\ads\hard_negative_mining\batch_visual_negative_20260714\crops\hn_000084.png,vision_platform\ads\pilot\visual_family_smoke_20260719\development_retrain_after_label_fix\dataset\images\vf_00381_negative_asset_837bff722f31b610.png,2,0.7360944747924805,1.0,0,273,s43 true=negative pred=free|play_triangle top=free:0.74 ; s44 true=negative pred=free|next|play_triangle|x_mark top=free:0.68
file_dbcb265eba29993b,asset_837bff722f31b610,negative,vision_platform\ads\hard_negative_mining\batch_visual_negative_20260714\crops\hn_000090.png,vision_platform\ads\pilot\visual_family_smoke_20260719\development_retrain_after_label_fix\dataset\images\vf_00387_negative_asset_837bff722f31b610.png,2,0.7360944747924805,1.0,0,273,s43 true=negative pred=free|play_triangle top=free:0.74 ; s44 true=negative pred=free|next|play_triangle|x_mark top=free:0.68
file_0174b767cdb80e0d,asset_50ad02b705cc23fb,arrow,vision_platform\ads\collections\reviewed_bbox_crops_20260718\crops\rb_000153.png,vision_platform\ads\pilot\visual_family_smoke_20260719\development_retrain_after_label_fix\dataset\images\vf_00228_arrow_asset_50ad02b705cc23fb.png,2,0.7277511358261108,0.7580162286758423,0,272,s43 true=arrow pred=arrow|next|play_triangle top=arrow:0.80 ; s44 true=arrow pred=arrow|next top=arrow:0.76
file_28db17c1fdc6810f,asset_13fae01f38c68d9b,negative,vision_platform\ads\runtime_collection\click_success\click_success_20260713_102840_468\crops\bbox.png,vision_platform\ads\pilot\visual_family_smoke_20260719\development_retrain_after_label_fix\dataset\images\vf_01039_negative_asset_13fae01f38c68d9b.png,2,0.7030358910560608,1.0,0,270,s42 true=negative pred=arrow|x_mark top=x_mark:0.70 ; s43 true=negative pred=x_mark top=x_mark:0.57
file_cc0295811aa6fec6,asset_653791f50f2b86dc,x_mark,vision_platform\ads\collections\reviewed_bbox_crops_20260718\crops\rb_000056.png,vision_platform\ads\pilot\visual_family_smoke_20260719\development_retrain_after_label_fix\dataset\images\vf_00131_x_mark_asset_653791f50f2b86dc.png,2,0.708688497543335,0.9576137065887451,0,270,s42 true=x_mark pred=arrow|x_mark top=x_mark:0.97 ; s44 true=x_mark pred=arrow|x_mark top=x_mark:0.96
file_c2dfd098db422abf,asset_653791f50f2b86dc,x_mark,vision_platform\ads\collections\reviewed_bbox_crops_20260718\crops\rb_000218.png,vision_platform\ads\pilot\visual_family_smoke_20260719\development_retrain_after_label_fix\dataset\images\vf_00293_x_mark_asset_653791f50f2b86dc.png,2,0.708688497543335,0.9576137065887451,0,270,s42 true=x_mark pred=arrow|x_mark top=x_mark:0.97 ; s44 true=x_mark pred=arrow|x_mark top=x_mark:0.96
