instance_id,content_id,relative_path,image_path,families,source_screen,group_key
file_2fc3a9ed2d1cc0ce,asset_9ef01bef87a3d333,vision_platform\ads\hard_negative_mining\batch_visual_negative_20260714\crops\hn_000001.png,vision_platform\ads\pilot\visual_family_smoke_20260721\development_retrain_with_20260720_click_success\dataset\images\vf_00299_negative_asset_9ef01bef87a3d333.png,negative,,content:asset_9ef01bef87a3d333
file_1b66dc3515ba6eee,asset_1355d96717c8cd0d,vision_platform\ads\hard_negative_mining\batch_visual_negative_20260714\crops\hn_000030.png,vision_platform\ads\pilot\visual_family_smoke_20260721\development_retrain_with_20260720_click_success\dataset\images\vf_00328_negative_asset_1355d96717c8cd0d.png,negative,,content:asset_1355d96717c8cd0d
file_5990fed2f5a1fb53,asset_1355d96717c8cd0d,vision_platform\ads\hard_negative_mining\batch_visual_negative_20260714\crops\hn_000035.png,vision_platform\ads\pilot\visual_family_smoke_20260721\development_retrain_with_20260720_click_success\dataset\images\vf_00333_negative_asset_1355d96717c8cd0d.png,negative,,content:asset_1355d96717c8cd0d
file_a8aaffec5ace5590,asset_d30b5d3b349008b2,vision_platform\ads\hard_negative_mining\batch_visual_negative_20260714\crops\hn_000137.png,vision_platform\ads\pilot\visual_family_smoke_20260721\development_retrain_with_20260720_click_success\dataset\images\vf_00435_negative_asset_d30b5d3b349008b2.png,negative,,content:asset_d30b5d3b349008b2
file_67e22b67ffdb6d58,asset_d30b5d3b349008b2,vision_platform\ads\hard_negative_mining\batch_visual_negative_20260714\crops\hn_000141.png,vision_platform\ads\pilot\visual_family_smoke_20260721\development_retrain_with_20260720_click_success\dataset\images\vf_00439_negative_asset_d30b5d3b349008b2.png,negative,,content:asset_d30b5d3b349008b2
file_2c0d23f19bece0c6,asset_d30b5d3b349008b2,vision_platform\ads\hard_negative_mining\batch_visual_negative_20260714\crops\hn_000145.png,vision_platform\ads\pilot\visual_family_smoke_20260721\development_retrain_with_20260720_click_success\dataset\images\vf_00443_negative_asset_d30b5d3b349008b2.png,negative,,content:asset_d30b5d3b349008b2
file_3486060ad0e8ad4f,asset_d30b5d3b349008b2,vision_platform\ads\hard_negative_mining\batch_visual_negative_20260714\crops\hn_000149.png,vision_platform\ads\pilot\visual_family_smoke_20260721\development_retrain_with_20260720_click_success\dataset\images\vf_00447_negative_asset_d30b5d3b349008b2.png,negative,,content:asset_d30b5d3b349008b2
file_d6b89e850c393744,asset_d30b5d3b349008b2,vision_platform\ads\hard_negative_mining\batch_visual_negative_20260714\crops\hn_000153.png,vision_platform\ads\pilot\visual_family_smoke_20260721\development_retrain_with_20260720_click_success\dataset\images\vf_00451_negative_asset_d30b5d3b349008b2.png,negative,,content:asset_d30b5d3b349008b2
file_d24f52806af63653,asset_d30b5d3b349008b2,vision_platform\ads\hard_negative_mining\batch_visual_negative_20260714\crops\hn_000157.png,vision_platform\ads\pilot\visual_family_smoke_20260721\development_retrain_with_20260720_click_success\dataset\images\vf_00455_negative_asset_d30b5d3b349008b2.png,negative,,content:asset_d30b5d3b349008b2
file_ef847d000f83a44b,asset_d30b5d3b349008b2,vision_platform\ads\hard_negative_mining\batch_visual_negative_20260714\crops\hn_000188.png,vision_platform\ads\pilot\visual_family_smoke_20260721\development_retrain_with_20260720_click_success\dataset\images\vf_00486_negative_asset_d30b5d3b349008b2.png,negative,,content:asset_d30b5d3b349008b2
file_57eb253678d502b3,asset_d30b5d3b349008b2,vision_platform\ads\hard_negative_mining\batch_visual_negative_20260714\crops\hn_000191.png,vision_platform\ads\pilot\visual_family_smoke_20260721\development_retrain_with_20260720_click_success\dataset\images\vf_00489_negative_asset_d30b5d3b349008b2.png,negative,,content:asset_d30b5d3b349008b2
file_aa3578c23f6f013e,asset_d30b5d3b349008b2,vision_platform\ads\hard_negative_mining\batch_visual_negative_20260714\crops\hn_000195.png,vision_platform\ads\pilot\visual_family_smoke_20260721\development_retrain_with_20260720_click_success\dataset\images\vf_00493_negative_asset_d30b5d3b349008b2.png,negative,,content:asset_d30b5d3b349008b2
file_15cb9fd3b7b16124,asset_35ac884fc325961e,vision_platform\ads\hard_negative_mining\batch_visual_negative_20260714\crops\hn_000224.png,vision_platform\ads\pilot\visual_family_smoke_20260721\development_retrain_with_20260720_click_success\dataset\images\vf_00522_negative_asset_35ac884fc325961e.png,negative,,content:asset_35ac884fc325961e
file_d3fa8550365f8fe4,asset_35ac884fc325961e,vision_platform\ads\hard_negative_mining\batch_visual_negative_20260714\crops\hn_000232.png,vision_platform\ads\pilot\visual_family_smoke_20260721\development_retrain_with_20260720_click_success\dataset\images\vf_00530_negative_asset_35ac884fc325961e.png,negative,,content:asset_35ac884fc325961e
file_8c4907b15f97a471,asset_fbcc564523d58e3a,vision_platform\ads\hard_negative_mining\batch_visual_negative_20260714\crops\hn_000234.png,vision_platform\ads\pilot\visual_family_smoke_20260721\development_retrain_with_20260720_click_success\dataset\images\vf_00532_negative_asset_fbcc564523d58e3a.png,negative,,content:asset_fbcc564523d58e3a
file_9571d299368d849d,asset_f41984001785bb2e,vision_platform\ads\hard_negative_mining\batch_visual_negative_20260714\crops\hn_000235.png,vision_platform\ads\pilot\visual_family_smoke_20260721\development_retrain_with_20260720_click_success\dataset\images\vf_00533_negative_asset_f41984001785bb2e.png,negative,,content:asset_f41984001785bb2e
file_d19c1ae5042e913b,asset_cc04ebf72c4073f4,vision_platform\ads\hard_negative_mining\batch_visual_negative_20260714\crops\hn_000308.png,vision_platform\ads\pilot\visual_family_smoke_20260721\development_retrain_with_20260720_click_success\dataset\images\vf_00606_negative_asset_cc04ebf72c4073f4.png,negative,,content:asset_cc04ebf72c4073f4
file_9d37ff9d74a486c1,asset_cc04ebf72c4073f4,vision_platform\ads\hard_negative_mining\batch_visual_negative_20260714\crops\hn_000315.png,vision_platform\ads\pilot\visual_family_smoke_20260721\development_retrain_with_20260720_click_success\dataset\images\vf_00613_negative_asset_cc04ebf72c4073f4.png,negative,,content:asset_cc04ebf72c4073f4
file_3fb23508805b4005,asset_0b590b370863f8c6,vision_platform\ads\hard_negative_mining\batch_visual_negative_20260714\crops\hn_000472.png,vision_platform\ads\pilot\visual_family_smoke_20260721\development_retrain_with_20260720_click_success\dataset\images\vf_00765_negative_asset_0b590b370863f8c6.png,negative,,content:asset_0b590b370863f8c6
file_247878eeb2153bcd,asset_0b590b370863f8c6,vision_platform\ads\hard_negative_mining\batch_visual_negative_20260714\crops\hn_000482.png,vision_platform\ads\pilot\visual_family_smoke_20260721\development_retrain_with_20260720_click_success\dataset\images\vf_00775_negative_asset_0b590b370863f8c6.png,negative,,content:asset_0b590b370863f8c6
file_0ca7929710908e6d,asset_f41984001785bb2e,vision_platform\ads\hard_negative_mining\batch_visual_negative_20260714\crops\hn_000506.png,vision_platform\ads\pilot\visual_family_smoke_20260721\development_retrain_with_20260720_click_success\dataset\images\vf_00799_negative_asset_f41984001785bb2e.png,negative,,content:asset_f41984001785bb2e
file_72f9e642b73ff79f,asset_30eada6e537ba869,vision_platform\ads\hard_negative_mining\batch_visual_negative_20260714\crops\hn_000513.png,vision_platform\ads\pilot\visual_family_smoke_20260721\development_retrain_with_20260720_click_success\dataset\images\vf_00806_negative_asset_30eada6e537ba869.png,negative,,content:asset_30eada6e537ba869
file_ee319f420cecc510,asset_30eada6e537ba869,vision_platform\ads\hard_negative_mining\batch_visual_negative_20260714\crops\hn_000516.png,vision_platform\ads\pilot\visual_family_smoke_20260721\development_retrain_with_20260720_click_success\dataset\images\vf_00809_negative_asset_30eada6e537ba869.png,negative,,content:asset_30eada6e537ba869
file_a57c45f4c381c6f3,asset_8226bffb9ee871c5,vision_platform\ads\hard_negative_mining\batch_visual_negative_20260714\crops\hn_000522.png,vision_platform\ads\pilot\visual_family_smoke_20260721\development_retrain_with_20260720_click_success\dataset\images\vf_00815_negative_asset_8226bffb9ee871c5.png,negative,,content:asset_8226bffb9ee871c5
file_2b55d011077b8365,asset_8226bffb9ee871c5,vision_platform\ads\hard_negative_mining\batch_visual_negative_20260714\crops\hn_000531.png,vision_platform\ads\pilot\visual_family_smoke_20260721\development_retrain_with_20260720_click_success\dataset\images\vf_00824_negative_asset_8226bffb9ee871c5.png,negative,,content:asset_8226bffb9ee871c5
file_f47a194a48eb303f,asset_b8e24783cba5f65a,vision_platform\ads\hard_negative_mining\batch_visual_negative_20260714\crops\hn_000536.png,vision_platform\ads\pilot\visual_family_smoke_20260721\development_retrain_with_20260720_click_success\dataset\images\vf_00829_negative_asset_b8e24783cba5f65a.png,negative,,content:asset_b8e24783cba5f65a
file_7dcfcd1d8a9ce3aa,asset_aaa0d5a713804a65,vision_platform\ads\hard_negative_mining\batch_visual_negative_20260714\crops\hn_000538.png,vision_platform\ads\pilot\visual_family_smoke_20260721\development_retrain_with_20260720_click_success\dataset\images\vf_00831_negative_asset_aaa0d5a713804a65.png,negative,,content:asset_aaa0d5a713804a65
file_330819cac3745bbd,asset_aaa0d5a713804a65,vision_platform\ads\hard_negative_mining\batch_visual_negative_20260714\crops\hn_000547.png,vision_platform\ads\pilot\visual_family_smoke_20260721\development_retrain_with_20260720_click_success\dataset\images\vf_00840_negative_asset_aaa0d5a713804a65.png,negative,,content:asset_aaa0d5a713804a65
