family,threshold,support,tp,fp,tn,fn,precision,recall,f1,none_support,none_false_activation,none_false_activation_rate
x_mark,0.05,16.6667,16.6667,120.0,24.3333,0.0,0.1199,1.0,0.211,72.6667,66.3333,0.9129
x_mark,0.1,16.6667,16.0,100.0,44.3333,0.6667,0.1368,0.9524,0.2346,72.6667,58.3333,0.8028
x_mark,0.15,16.6667,16.0,71.3333,73.0,0.6667,0.2048,0.9524,0.3215,72.6667,43.0,0.5906
x_mark,0.2,16.6667,16.0,50.6667,93.6667,0.6667,0.2435,0.9524,0.3749,72.6667,28.0,0.3848
x_mark,0.25,16.6667,16.0,34.6667,109.6667,0.6667,0.3228,0.9524,0.4654,72.6667,15.0,0.2062
x_mark,0.3,16.6667,15.6667,26.0,118.3333,1.0,0.3776,0.9153,0.5171,72.6667,8.6667,0.1191
x_mark,0.35,16.6667,15.0,18.6667,125.6667,1.6667,0.4382,0.8792,0.5664,72.6667,6.0,0.0826
x_mark,0.4,16.6667,15.0,14.0,130.3333,1.6667,0.5213,0.8792,0.6301,72.6667,3.6667,0.0504
x_mark,0.45,16.6667,15.0,10.3333,134.0,1.6667,0.6023,0.8792,0.6859,72.6667,3.6667,0.0504
x_mark,0.5,16.6667,15.0,7.0,137.3333,1.6667,0.6952,0.8792,0.7487,72.6667,2.0,0.0276
x_mark,0.55,16.6667,13.6667,5.3333,139.0,3.0,0.7253,0.8183,0.749,72.6667,2.0,0.0276
x_mark,0.6,16.6667,13.0,3.6667,140.6667,3.6667,0.7707,0.7707,0.7477,72.6667,0.3333,0.0046
x_mark,0.65,16.6667,11.3333,2.3333,142.0,5.3333,0.8074,0.6843,0.7236,72.6667,0.0,0.0
x_mark,0.7,16.6667,9.3333,2.3333,142.0,7.3333,0.7755,0.5608,0.6399,72.6667,0.0,0.0
x_mark,0.75,16.6667,8.3333,2.0,142.3333,8.3333,0.7649,0.4762,0.5799,72.6667,0.0,0.0
x_mark,0.8,16.6667,5.0,1.6667,142.6667,11.6667,0.7222,0.2919,0.4079,72.6667,0.0,0.0
x_mark,0.85,16.6667,3.6667,0.3333,144.0,13.0,0.9167,0.2196,0.3535,72.6667,0.0,0.0
x_mark,0.9,16.6667,2.0,0.0,144.3333,14.6667,1.0,0.1464,0.2505,72.6667,0.0,0.0
x_mark,0.95,16.6667,1.0,0.0,144.3333,15.6667,0.6667,0.0847,0.15,72.6667,0.0,0.0
play_triangle,0.05,30.3333,30.3333,84.0,46.6667,0.0,0.2659,1.0,0.4195,72.6667,53.6667,0.7383
play_triangle,0.1,30.3333,30.3333,56.6667,74.0,0.0,0.3525,1.0,0.5188,72.6667,36.0,0.4951
play_triangle,0.15,30.3333,30.3333,41.0,89.6667,0.0,0.4315,1.0,0.5999,72.6667,24.0,0.3302
play_triangle,0.2,30.3333,30.3333,29.6667,101.0,0.0,0.5285,1.0,0.6836,72.6667,15.6667,0.2152
play_triangle,0.25,30.3333,30.3333,25.3333,105.3333,0.0,0.5721,1.0,0.7183,72.6667,11.6667,0.1601
play_triangle,0.3,30.3333,29.6667,23.0,107.6667,0.6667,0.5853,0.9804,0.7238,72.6667,10.3333,0.1418
play_triangle,0.35,30.3333,29.6667,17.6667,113.0,0.6667,0.6336,0.9804,0.7657,72.6667,6.0,0.0824
play_triangle,0.4,30.3333,29.6667,14.0,116.6667,0.6667,0.6907,0.9804,0.8044,72.6667,4.0,0.0548
play_triangle,0.45,30.3333,29.6667,13.3333,117.3333,0.6667,0.6984,0.9804,0.8106,72.6667,3.3333,0.0457
play_triangle,0.5,30.3333,29.6667,10.0,120.6667,0.6667,0.7485,0.9804,0.8469,72.6667,2.6667,0.0365
play_triangle,0.55,30.3333,29.6667,3.6667,127.0,0.6667,0.8894,0.9804,0.9321,72.6667,1.6667,0.0228
play_triangle,0.6,30.3333,29.6667,2.0,128.6667,0.6667,0.9365,0.9804,0.9566,72.6667,1.3333,0.0183
play_triangle,0.65,30.3333,29.6667,1.3333,129.3333,0.6667,0.9563,0.9804,0.9673,72.6667,1.3333,0.0183
play_triangle,0.7,30.3333,24.3333,0.6667,130.0,6.0,0.9785,0.8235,0.8689,72.6667,0.6667,0.0091
play_triangle,0.75,30.3333,22.6667,0.6667,130.0,7.6667,0.9785,0.764,0.8362,72.6667,0.6667,0.0091
play_triangle,0.8,30.3333,19.6667,0.6667,130.0,10.6667,0.9785,0.659,0.7589,72.6667,0.6667,0.0091
play_triangle,0.85,30.3333,10.0,0.0,130.6667,20.3333,1.0,0.3396,0.4951,72.6667,0.0,0.0
play_triangle,0.9,30.3333,4.3333,0.0,130.6667,26.0,0.6667,0.1544,0.2222,72.6667,0.0,0.0
play_triangle,0.95,30.3333,0.0,0.0,130.6667,30.3333,0.0,0.0,0.0,72.6667,0.0,0.0
google_play,0.05,2.6667,2.3333,106.3333,52.0,0.3333,0.0214,0.8889,0.0416,72.6667,51.3333,0.7064
google_play,0.1,2.6667,2.3333,73.0,85.3333,0.3333,0.0313,0.8889,0.0599,72.6667,31.6667,0.4362
google_play,0.15,2.6667,2.3333,51.3333,107.0,0.3333,0.0501,0.8889,0.0924,72.6667,25.0,0.3444
google_play,0.2,2.6667,2.3333,34.6667,123.6667,0.3333,0.0766,0.8889,0.1348,72.6667,16.3333,0.2251
google_play,0.25,2.6667,2.3333,24.0,134.3333,0.3333,0.1049,0.8889,0.1787,72.6667,11.0,0.1517
google_play,0.3,2.6667,2.3333,12.6667,145.6667,0.3333,0.1784,0.8889,0.2799,72.6667,7.3333,0.1013
google_play,0.35,2.6667,2.0,4.3333,154.0,0.6667,0.2545,0.5556,0.3444,72.6667,2.3333,0.032
google_play,0.4,2.6667,2.0,2.6667,155.6667,0.6667,0.3,0.5556,0.381,72.6667,2.0,0.0274
google_play,0.45,2.6667,1.3333,2.6667,155.6667,1.3333,0.25,0.3889,0.3016,72.6667,2.0,0.0274
google_play,0.5,2.6667,1.3333,0.6667,157.6667,1.3333,0.5,0.3889,0.4333,72.6667,0.0,0.0
google_play,0.55,2.6667,1.0,0.3333,158.0,1.6667,0.5556,0.2778,0.3571,72.6667,0.0,0.0
google_play,0.6,2.6667,0.3333,0.3333,158.0,2.3333,0.1667,0.0833,0.1111,72.6667,0.0,0.0
google_play,0.65,2.6667,0.0,0.3333,158.0,2.6667,0.0,0.0,0.0,72.6667,0.0,0.0
google_play,0.7,2.6667,0.0,0.3333,158.0,2.6667,0.0,0.0,0.0,72.6667,0.0,0.0
google_play,0.75,2.6667,0.0,0.0,158.3333,2.6667,0.0,0.0,0.0,72.6667,0.0,0.0
google_play,0.8,2.6667,0.0,0.0,158.3333,2.6667,0.0,0.0,0.0,72.6667,0.0,0.0
google_play,0.85,2.6667,0.0,0.0,158.3333,2.6667,0.0,0.0,0.0,72.6667,0.0,0.0
google_play,0.9,2.6667,0.0,0.0,158.3333,2.6667,0.0,0.0,0.0,72.6667,0.0,0.0
google_play,0.95,2.6667,0.0,0.0,158.3333,2.6667,0.0,0.0,0.0,72.6667,0.0,0.0
next,0.05,1.3333,1.3333,139.6667,20.0,0.0,0.0094,1.0,0.0186,72.6667,68.6667,0.945
next,0.1,1.3333,1.3333,109.6667,50.0,0.0,0.0122,1.0,0.0242,72.6667,51.6667,0.7113
next,0.15,1.3333,1.3333,82.6667,77.0,0.0,0.0164,1.0,0.0323,72.6667,39.0,0.537
next,0.2,1.3333,1.0,60.0,99.6667,0.3333,0.0173,0.8333,0.0336,72.6667,27.3333,0.3761
next,0.25,1.3333,1.0,45.3333,114.3333,0.3333,0.0247,0.8333,0.0471,72.6667,18.6667,0.2565
next,0.3,1.3333,0.6667,35.6667,124.0,0.6667,0.0304,0.5,0.0551,72.6667,11.0,0.1508
next,0.35,1.3333,0.6667,27.0,132.6667,0.6667,0.0376,0.5,0.0667,72.6667,8.3333,0.1143
next,0.4,1.3333,0.6667,19.3333,140.3333,0.6667,0.0529,0.5,0.0909,72.6667,5.6667,0.0776
next,0.45,1.3333,0.6667,15.3333,144.3333,0.6667,0.1833,0.5,0.1984,72.6667,5.0,0.0685
next,0.5,1.3333,0.3333,12.0,147.6667,1.0,0.0256,0.3333,0.0476,72.6667,4.3333,0.0594
next,0.55,1.3333,0.3333,6.3333,153.3333,1.0,0.0303,0.3333,0.0556,72.6667,3.6667,0.0502
next,0.6,1.3333,0.3333,5.3333,154.3333,1.0,0.0417,0.3333,0.0741,72.6667,3.0,0.0411
next,0.65,1.3333,0.0,2.3333,157.3333,1.3333,0.0,0.0,0.0,72.6667,0.0,0.0
next,0.7,1.3333,0.0,0.6667,159.0,1.3333,0.0,0.0,0.0,72.6667,0.0,0.0
next,0.75,1.3333,0.0,0.0,159.6667,1.3333,0.0,0.0,0.0,72.6667,0.0,0.0
next,0.8,1.3333,0.0,0.0,159.6667,1.3333,0.0,0.0,0.0,72.6667,0.0,0.0
next,0.85,1.3333,0.0,0.0,159.6667,1.3333,0.0,0.0,0.0,72.6667,0.0,0.0
next,0.9,1.3333,0.0,0.0,159.6667,1.3333,0.0,0.0,0.0,72.6667,0.0,0.0
next,0.95,1.3333,0.0,0.0,159.6667,1.3333,0.0,0.0,0.0,72.6667,0.0,0.0
free,0.05,3.6667,3.6667,125.0,32.3333,0.0,0.0292,1.0,0.0565,72.6667,51.6667,0.7111
free,0.1,3.6667,3.6667,96.6667,60.6667,0.0,0.0382,1.0,0.0732,72.6667,40.0,0.5504
free,0.15,3.6667,3.6667,73.3333,84.0,0.0,0.0541,1.0,0.1013,72.6667,27.0,0.3718
free,0.2,3.6667,3.6667,59.0,98.3333,0.0,0.0712,1.0,0.1301,72.6667,22.0,0.3028
free,0.25,3.6667,3.6667,52.0,105.3333,0.0,0.084,1.0,0.1505,72.6667,18.3333,0.2524
free,0.3,3.6667,3.3333,27.0,130.3333,0.3333,0.147,0.8333,0.2374,72.6667,12.0,0.1653
free,0.35,3.6667,3.3333,17.3333,140.0,0.3333,0.1936,0.8333,0.3,72.6667,8.6667,0.1196
free,0.4,3.6667,3.3333,13.3333,144.0,0.3333,0.2109,0.8333,0.3268,72.6667,8.3333,0.115
free,0.45,3.6667,3.3333,8.6667,148.6667,0.3333,0.5533,0.8333,0.5364,72.6667,5.0,0.0693
free,0.5,3.6667,3.3333,3.3333,154.0,0.3333,0.6519,0.8333,0.6508,72.6667,0.6667,0.0091
free,0.55,3.6667,3.3333,2.6667,154.6667,0.3333,0.7048,0.8333,0.6905,72.6667,0.6667,0.0091
free,0.6,3.6667,3.3333,2.6667,154.6667,0.3333,0.7048,0.8333,0.6905,72.6667,0.6667,0.0091
free,0.65,3.6667,3.0,2.3333,155.0,0.6667,0.7037,0.7667,0.6698,72.6667,0.6667,0.0091
free,0.7,3.6667,3.0,0.0,157.3333,0.6667,1.0,0.7667,0.8519,72.6667,0.0,0.0
free,0.75,3.6667,3.0,0.0,157.3333,0.6667,1.0,0.7667,0.8519,72.6667,0.0,0.0
free,0.8,3.6667,3.0,0.0,157.3333,0.6667,1.0,0.7667,0.8519,72.6667,0.0,0.0
free,0.85,3.6667,2.6667,0.0,157.3333,1.0,0.6667,0.6,0.6296,72.6667,0.0,0.0
free,0.9,3.6667,2.0,0.0,157.3333,1.6667,0.6667,0.4333,0.5185,72.6667,0.0,0.0
free,0.95,3.6667,0.0,0.0,157.3333,3.6667,0.0,0.0,0.0,72.6667,0.0,0.0
got,0.05,22.6667,22.6667,64.3333,74.0,0.0,0.2604,1.0,0.4124,72.6667,35.6667,0.4908
got,0.1,22.6667,22.6667,31.3333,107.0,0.0,0.4205,1.0,0.5919,72.6667,22.0,0.3026
got,0.15,22.6667,22.6667,18.3333,120.0,0.0,0.5937,1.0,0.7358,72.6667,11.3333,0.1553
got,0.2,22.6667,21.6667,12.3333,126.0,1.0,0.6787,0.9568,0.7866,72.6667,7.6667,0.105
got,0.25,22.6667,20.0,5.0,133.3333,2.6667,0.8225,0.8833,0.8443,72.6667,2.0,0.0274
got,0.3,22.6667,17.0,3.0,135.3333,5.6667,0.8599,0.7581,0.8005,72.6667,0.6667,0.0091
got,0.35,22.6667,15.6667,2.0,136.3333,7.0,0.8957,0.7005,0.7814,72.6667,0.0,0.0
got,0.4,22.6667,13.0,2.0,136.3333,9.6667,0.8849,0.574,0.6902,72.6667,0.0,0.0
got,0.45,22.6667,13.0,1.6667,136.6667,9.6667,0.9005,0.574,0.6964,72.6667,0.0,0.0
got,0.5,22.6667,12.3333,1.0,137.3333,10.3333,0.937,0.542,0.681,72.6667,0.0,0.0
got,0.55,22.6667,11.0,0.3333,138.0,11.6667,0.9722,0.484,0.646,72.6667,0.0,0.0
got,0.6,22.6667,10.6667,0.3333,138.0,12.0,0.9697,0.4695,0.6326,72.6667,0.0,0.0
got,0.65,22.6667,10.6667,0.3333,138.0,12.0,0.9697,0.4695,0.6326,72.6667,0.0,0.0
got,0.7,22.6667,10.0,0.0,138.3333,12.6667,1.0,0.4405,0.6086,72.6667,0.0,0.0
got,0.75,22.6667,4.3333,0.0,138.3333,18.3333,1.0,0.1842,0.3011,72.6667,0.0,0.0
got,0.8,22.6667,0.0,0.0,138.3333,22.6667,0.0,0.0,0.0,72.6667,0.0,0.0
got,0.85,22.6667,0.0,0.0,138.3333,22.6667,0.0,0.0,0.0,72.6667,0.0,0.0
got,0.9,22.6667,0.0,0.0,138.3333,22.6667,0.0,0.0,0.0,72.6667,0.0,0.0
got,0.95,22.6667,0.0,0.0,138.3333,22.6667,0.0,0.0,0.0,72.6667,0.0,0.0
arrow,0.05,11.0,11.0,134.6667,15.3333,0.0,0.0738,1.0,0.1369,72.6667,58.3333,0.8029
arrow,0.1,11.0,11.0,105.0,45.0,0.0,0.0942,1.0,0.1708,72.6667,39.3333,0.5419
arrow,0.15,11.0,11.0,88.3333,61.6667,0.0,0.1092,1.0,0.1955,72.6667,34.0,0.4682
arrow,0.2,11.0,11.0,56.0,94.0,0.0,0.1662,1.0,0.2807,72.6667,25.6667,0.3538
arrow,0.25,11.0,11.0,44.0,106.0,0.0,0.1996,1.0,0.3284,72.6667,19.6667,0.2711
arrow,0.3,11.0,11.0,38.3333,111.6667,0.0,0.2213,1.0,0.3576,72.6667,17.6667,0.2434
arrow,0.35,11.0,11.0,29.6667,120.3333,0.0,0.2855,1.0,0.4298,72.6667,11.0,0.1517
arrow,0.4,11.0,10.6667,25.6667,124.3333,0.3333,0.3298,0.9444,0.4652,72.6667,9.6667,0.1333
arrow,0.45,11.0,10.6667,21.0,129.0,0.3333,0.3761,0.9444,0.5121,72.6667,8.3333,0.115
arrow,0.5,11.0,10.6667,15.0,135.0,0.3333,0.4341,0.9444,0.574,72.6667,4.0,0.0549
arrow,0.55,11.0,10.3333,11.3333,138.6667,0.6667,0.4667,0.8889,0.603,72.6667,3.6667,0.0502
arrow,0.6,11.0,10.3333,7.0,143.0,0.6667,0.6856,0.8889,0.745,72.6667,0.0,0.0
arrow,0.65,11.0,8.3333,3.3333,146.6667,2.6667,0.7333,0.7369,0.7318,72.6667,0.0,0.0
arrow,0.7,11.0,7.3333,2.0,148.0,3.6667,0.7869,0.6654,0.7211,72.6667,0.0,0.0
arrow,0.75,11.0,6.3333,1.3333,148.6667,4.6667,0.8251,0.5904,0.6824,72.6667,0.0,0.0
arrow,0.8,11.0,4.6667,0.6667,149.3333,6.3333,0.8917,0.4359,0.5825,72.6667,0.0,0.0
arrow,0.85,11.0,3.3333,0.3333,149.6667,7.6667,0.9444,0.3071,0.4583,72.6667,0.0,0.0
arrow,0.9,11.0,2.0,0.0,150.0,9.0,0.6667,0.1484,0.2426,72.6667,0.0,0.0
arrow,0.95,11.0,0.0,0.0,150.0,11.0,0.0,0.0,0.0,72.6667,0.0,0.0
