screen_id,image_path,original_path,event_json,event_id,source_session,timestamp,proposal_source,template_name,screen_change_score,width,height,positive_bbox_count,dataset_role,split_group,split
click_det_000001,vision_platform\ads\datasets\detector\click_success_weak_20260719\images\click_det_000001.png,D:\Projects\adb_vl\vision_platform\ads\runtime_collection\click_success\click_success_20260719_093751_311\pre_click.png,vision_platform\ads\runtime_collection\click_success\click_success_20260719_093751_311\event.json,20260719_093751_311,ads2_click_success_20260719_093751_311,2026-07-19T09:37:51+0800,free_ad_template,close_26.png,66.34340277777778,960,540,1,weak_positive,click_success:ads2_click_success_20260719_093751_311,
click_det_000002,vision_platform\ads\datasets\detector\click_success_weak_20260719\images\click_det_000002.png,D:\Projects\adb_vl\vision_platform\ads\runtime_collection\click_success\click_success_20260719_093814_574\pre_click.png,vision_platform\ads\runtime_collection\click_success\click_success_20260719_093814_574\event.json,20260719_093814_574,ads2_click_success_20260719_093814_574,2026-07-19T09:38:14+0800,close_template,close_24.png,93.55388888888889,960,540,1,weak_positive,click_success:ads2_click_success_20260719_093814_574,
click_det_000003,vision_platform\ads\datasets\detector\click_success_weak_20260719\images\click_det_000003.png,D:\Projects\adb_vl\vision_platform\ads\runtime_collection\click_success\click_success_20260719_093819_308\pre_click.png,vision_platform\ads\runtime_collection\click_success\click_success_20260719_093819_308\event.json,20260719_093819_308,ads2_click_success_20260719_093819_308,2026-07-19T09:38:19+0800,got_template,got2.png,44.613680555555554,960,540,1,weak_positive,click_success:ads2_click_success_20260719_093819_308,
click_det_000004,vision_platform\ads\datasets\detector\click_success_weak_20260719\images\click_det_000004.png,D:\Projects\adb_vl\vision_platform\ads\runtime_collection\click_success\click_success_20260719_093855_744\pre_click.png,vision_platform\ads\runtime_collection\click_success\click_success_20260719_093855_744\event.json,20260719_093855_744,ads2_click_success_20260719_093855_744,2026-07-19T09:38:55+0800,close_template,ad_issue_20260606_052002_roi_15.png,122.278125,960,540,1,weak_positive,click_success:ads2_click_success_20260719_093855_744,
click_det_000005,vision_platform\ads\datasets\detector\click_success_weak_20260719\images\click_det_000005.png,D:\Projects\adb_vl\vision_platform\ads\runtime_collection\click_success\click_success_20260719_093900_785\pre_click.png,vision_platform\ads\runtime_collection\click_success\click_success_20260719_093900_785\event.json,20260719_093900_785,ads2_click_success_20260719_093900_785,2026-07-19T09:39:00+0800,got_template,got2.png,42.24701388888889,960,540,1,weak_positive,click_success:ads2_click_success_20260719_093900_785,
click_det_000006,vision_platform\ads\datasets\detector\click_success_weak_20260719\images\click_det_000006.png,D:\Projects\adb_vl\vision_platform\ads\runtime_collection\click_success\click_success_20260719_093925_477\pre_click.png,vision_platform\ads\runtime_collection\click_success\click_success_20260719_093925_477\event.json,20260719_093925_477,ads2_click_success_20260719_093925_477,2026-07-19T09:39:25+0800,close_template,close_11.png,44.16506944444444,960,540,1,weak_positive,click_success:ads2_click_success_20260719_093925_477,
click_det_000007,vision_platform\ads\datasets\detector\click_success_weak_20260719\images\click_det_000007.png,D:\Projects\adb_vl\vision_platform\ads\runtime_collection\click_success\click_success_20260719_093942_272\pre_click.png,vision_platform\ads\runtime_collection\click_success\click_success_20260719_093942_272\event.json,20260719_093942_272,ads2_click_success_20260719_093942_272,2026-07-19T09:39:42+0800,close_template,close_11.png,113.2161111111111,960,540,1,weak_positive,click_success:ads2_click_success_20260719_093942_272,
click_det_000008,vision_platform\ads\datasets\detector\click_success_weak_20260719\images\click_det_000008.png,D:\Projects\adb_vl\vision_platform\ads\runtime_collection\click_success\click_success_20260719_093947_006\pre_click.png,vision_platform\ads\runtime_collection\click_success\click_success_20260719_093947_006\event.json,20260719_093947_006,ads2_click_success_20260719_093947_006,2026-07-19T09:39:47+0800,got_template,got2.png,41.42208333333333,960,540,1,weak_positive,click_success:ads2_click_success_20260719_093947_006,
click_det_000009,vision_platform\ads\datasets\detector\click_success_weak_20260719\images\click_det_000009.png,D:\Projects\adb_vl\vision_platform\ads\runtime_collection\click_success\click_success_20260719_093953_788\pre_click.png,vision_platform\ads\runtime_collection\click_success\click_success_20260719_093953_788\event.json,20260719_093953_788,ads2_click_success_20260719_093953_788,2026-07-19T09:39:53+0800,free_ad_template,free_ad_3.png,57.657986111111114,960,540,1,weak_positive,click_success:ads2_click_success_20260719_093953_788,
click_det_000010,vision_platform\ads\datasets\detector\click_success_weak_20260719\images\click_det_000010.png,D:\Projects\adb_vl\vision_platform\ads\runtime_collection\click_success\click_success_20260719_094035_435\pre_click.png,vision_platform\ads\runtime_collection\click_success\click_success_20260719_094035_435\event.json,20260719_094035_435,ads2_click_success_20260719_094035_435,2026-07-19T09:40:35+0800,got_template,got2.png,38.32284722222222,960,540,1,weak_positive,click_success:ads2_click_success_20260719_094035_435,
click_det_000011,vision_platform\ads\datasets\detector\click_success_weak_20260719\images\click_det_000011.png,D:\Projects\adb_vl\vision_platform\ads\runtime_collection\click_success\click_success_20260719_094100_229\pre_click.png,vision_platform\ads\runtime_collection\click_success\click_success_20260719_094100_229\event.json,20260719_094100_229,ads2_click_success_20260719_094100_229,2026-07-19T09:41:00+0800,close_template,close_11.png,44.855555555555554,960,540,1,weak_positive,click_success:ads2_click_success_20260719_094100_229,
click_det_000012,vision_platform\ads\datasets\detector\click_success_weak_20260719\images\click_det_000012.png,D:\Projects\adb_vl\vision_platform\ads\runtime_collection\click_success\click_success_20260719_094116_897\pre_click.png,vision_platform\ads\runtime_collection\click_success\click_success_20260719_094116_897\event.json,20260719_094116_897,ads2_click_success_20260719_094116_897,2026-07-19T09:41:16+0800,close_template,close_11.png,116.28236111111111,960,540,1,weak_positive,click_success:ads2_click_success_20260719_094116_897,
click_det_000013,vision_platform\ads\datasets\detector\click_success_weak_20260719\images\click_det_000013.png,D:\Projects\adb_vl\vision_platform\ads\runtime_collection\click_success\click_success_20260719_094121_626\pre_click.png,vision_platform\ads\runtime_collection\click_success\click_success_20260719_094121_626\event.json,20260719_094121_626,ads2_click_success_20260719_094121_626,2026-07-19T09:41:21+0800,got_template,got2.png,38.53395833333333,960,540,1,weak_positive,click_success:ads2_click_success_20260719_094121_626,
click_det_000014,vision_platform\ads\datasets\detector\click_success_weak_20260719\images\click_det_000014.png,D:\Projects\adb_vl\vision_platform\ads\runtime_collection\click_success\click_success_20260719_094128_479\pre_click.png,vision_platform\ads\runtime_collection\click_success\click_success_20260719_094128_479\event.json,20260719_094128_479,ads2_click_success_20260719_094128_479,2026-07-19T09:41:28+0800,free_ad_template,free_ad_3.png,54.33215277777778,960,540,1,weak_positive,click_success:ads2_click_success_20260719_094128_479,
click_det_000015,vision_platform\ads\datasets\detector\click_success_weak_20260719\images\click_det_000015.png,D:\Projects\adb_vl\vision_platform\ads\runtime_collection\click_success\click_success_20260719_094146_147\pre_click.png,vision_platform\ads\runtime_collection\click_success\click_success_20260719_094146_147\event.json,20260719_094146_147,ads2_click_success_20260719_094146_147,2026-07-19T09:41:46+0800,close_template,close_11.png,44.50548611111111,960,540,1,weak_positive,click_success:ads2_click_success_20260719_094146_147,
click_det_000016,vision_platform\ads\datasets\detector\click_success_weak_20260719\images\click_det_000016.png,D:\Projects\adb_vl\vision_platform\ads\runtime_collection\click_success\click_success_20260719_094202_771\pre_click.png,vision_platform\ads\runtime_collection\click_success\click_success_20260719_094202_771\event.json,20260719_094202_771,ads2_click_success_20260719_094202_771,2026-07-19T09:42:02+0800,close_template,close_11.png,115.07145833333334,960,540,1,weak_positive,click_success:ads2_click_success_20260719_094202_771,
click_det_000017,vision_platform\ads\datasets\detector\click_success_weak_20260719\images\click_det_000017.png,D:\Projects\adb_vl\vision_platform\ads\runtime_collection\click_success\click_success_20260719_094207_685\pre_click.png,vision_platform\ads\runtime_collection\click_success\click_success_20260719_094207_685\event.json,20260719_094207_685,ads2_click_success_20260719_094207_685,2026-07-19T09:42:07+0800,got_template,got2.png,35.291111111111114,960,540,1,weak_positive,click_success:ads2_click_success_20260719_094207_685,
click_det_000018,vision_platform\ads\datasets\detector\click_success_weak_20260719\images\click_det_000018.png,D:\Projects\adb_vl\vision_platform\ads\runtime_collection\click_success\click_success_20260719_094357_107\pre_click.png,vision_platform\ads\runtime_collection\click_success\click_success_20260719_094357_107\event.json,20260719_094357_107,ads2_click_success_20260719_094357_107,2026-07-19T09:43:57+0800,free_ad_template,close_26.png,84.3776388888889,960,540,1,weak_positive,click_success:ads2_click_success_20260719_094357_107,
click_det_000019,vision_platform\ads\datasets\detector\click_success_weak_20260719\images\click_det_000019.png,D:\Projects\adb_vl\vision_platform\ads\runtime_collection\click_success\click_success_20260719_094415_443\pre_click.png,vision_platform\ads\runtime_collection\click_success\click_success_20260719_094415_443\event.json,20260719_094415_443,ads2_click_success_20260719_094415_443,2026-07-19T09:44:15+0800,got_template,got2.png,83.86902777777777,960,540,1,weak_positive,click_success:ads2_click_success_20260719_094415_443,
click_det_000020,vision_platform\ads\datasets\detector\click_success_weak_20260719\images\click_det_000020.png,D:\Projects\adb_vl\vision_platform\ads\runtime_collection\click_success\click_success_20260719_094422_597\pre_click.png,vision_platform\ads\runtime_collection\click_success\click_success_20260719_094422_597\event.json,20260719_094422_597,ads2_click_success_20260719_094422_597,2026-07-19T09:44:22+0800,free_ad_template,close_26.png,70.45263888888888,960,540,1,weak_positive,click_success:ads2_click_success_20260719_094422_597,
click_det_000021,vision_platform\ads\datasets\detector\click_success_weak_20260719\images\click_det_000021.png,D:\Projects\adb_vl\vision_platform\ads\runtime_collection\click_success\click_success_20260719_094440_190\pre_click.png,vision_platform\ads\runtime_collection\click_success\click_success_20260719_094440_190\event.json,20260719_094440_190,ads2_click_success_20260719_094440_190,2026-07-19T09:44:40+0800,close_template,close_11.png,47.613194444444446,960,540,1,weak_positive,click_success:ads2_click_success_20260719_094440_190,
click_det_000022,vision_platform\ads\datasets\detector\click_success_weak_20260719\images\click_det_000022.png,D:\Projects\adb_vl\vision_platform\ads\runtime_collection\click_success\click_success_20260719_094457_076\pre_click.png,vision_platform\ads\runtime_collection\click_success\click_success_20260719_094457_076\event.json,20260719_094457_076,ads2_click_success_20260719_094457_076,2026-07-19T09:44:57+0800,close_template,close_11.png,94.40569444444445,960,540,1,weak_positive,click_success:ads2_click_success_20260719_094457_076,
click_det_000023,vision_platform\ads\datasets\detector\click_success_weak_20260719\images\click_det_000023.png,D:\Projects\adb_vl\vision_platform\ads\runtime_collection\click_success\click_success_20260719_094502_188\pre_click.png,vision_platform\ads\runtime_collection\click_success\click_success_20260719_094502_188\event.json,20260719_094502_188,ads2_click_success_20260719_094502_188,2026-07-19T09:45:02+0800,got_template,got2.png,83.82826388888888,960,540,1,weak_positive,click_success:ads2_click_success_20260719_094502_188,
click_det_000024,vision_platform\ads\datasets\detector\click_success_weak_20260719\images\click_det_000024.png,D:\Projects\adb_vl\vision_platform\ads\runtime_collection\click_success\click_success_20260719_094507_884\pre_click.png,vision_platform\ads\runtime_collection\click_success\click_success_20260719_094507_884\event.json,20260719_094507_884,ads2_click_success_20260719_094507_884,2026-07-19T09:45:07+0800,free_ad_template,close_26.png,98.71409722222222,960,540,1,weak_positive,click_success:ads2_click_success_20260719_094507_884,
click_det_000025,vision_platform\ads\datasets\detector\click_success_weak_20260719\images\click_det_000025.png,D:\Projects\adb_vl\vision_platform\ads\runtime_collection\click_success\click_success_20260719_094541_425\pre_click.png,vision_platform\ads\runtime_collection\click_success\click_success_20260719_094541_425\event.json,20260719_094541_425,ads2_click_success_20260719_094541_425,2026-07-19T09:45:41+0800,close_template,ad_issue_20260606_043419_roi_0.png,169.00104166666668,960,540,1,weak_positive,click_success:ads2_click_success_20260719_094541_425,
click_det_000026,vision_platform\ads\datasets\detector\click_success_weak_20260719\images\click_det_000026.png,D:\Projects\adb_vl\vision_platform\ads\runtime_collection\click_success\click_success_20260719_094546_590\pre_click.png,vision_platform\ads\runtime_collection\click_success\click_success_20260719_094546_590\event.json,20260719_094546_590,ads2_click_success_20260719_094546_590,2026-07-19T09:45:46+0800,got_template,got2.png,83.88256944444444,960,540,1,weak_positive,click_success:ads2_click_success_20260719_094546_590,
click_det_000027,vision_platform\ads\datasets\detector\click_success_weak_20260719\images\click_det_000027.png,D:\Projects\adb_vl\vision_platform\ads\runtime_collection\click_success\click_success_20260719_094610_216\pre_click.png,vision_platform\ads\runtime_collection\click_success\click_success_20260719_094610_216\event.json,20260719_094610_216,ads2_click_success_20260719_094610_216,2026-07-19T09:46:10+0800,close_template,close_11.png,47.27194444444444,960,540,1,weak_positive,click_success:ads2_click_success_20260719_094610_216,
click_det_000028,vision_platform\ads\datasets\detector\click_success_weak_20260719\images\click_det_000028.png,D:\Projects\adb_vl\vision_platform\ads\runtime_collection\click_success\click_success_20260719_094627_345\pre_click.png,vision_platform\ads\runtime_collection\click_success\click_success_20260719_094627_345\event.json,20260719_094627_345,ads2_click_success_20260719_094627_345,2026-07-19T09:46:27+0800,close_template,close_11.png,93.60097222222223,960,540,1,weak_positive,click_success:ads2_click_success_20260719_094627_345,
click_det_000029,vision_platform\ads\datasets\detector\click_success_weak_20260719\images\click_det_000029.png,D:\Projects\adb_vl\vision_platform\ads\runtime_collection\click_success\click_success_20260719_094632_530\pre_click.png,vision_platform\ads\runtime_collection\click_success\click_success_20260719_094632_530\event.json,20260719_094632_530,ads2_click_success_20260719_094632_530,2026-07-19T09:46:32+0800,got_template,got2.png,83.94131944444445,960,540,1,weak_positive,click_success:ads2_click_success_20260719_094632_530,
click_det_000030,vision_platform\ads\datasets\detector\click_success_weak_20260719\images\click_det_000030.png,D:\Projects\adb_vl\vision_platform\ads\runtime_collection\click_success\click_success_20260719_100706_535\pre_click.png,vision_platform\ads\runtime_collection\click_success\click_success_20260719_100706_535\event.json,20260719_100706_535,ads2_click_success_20260719_100706_535,2026-07-19T10:07:06+0800,free_ad_template,close_26.png,76.74416666666667,960,540,1,weak_positive,click_success:ads2_click_success_20260719_100706_535,
click_det_000031,vision_platform\ads\datasets\detector\click_success_weak_20260719\images\click_det_000031.png,D:\Projects\adb_vl\vision_platform\ads\runtime_collection\click_success\click_success_20260719_100737_177\pre_click.png,vision_platform\ads\runtime_collection\click_success\click_success_20260719_100737_177\event.json,20260719_100737_177,ads2_click_success_20260719_100737_177,2026-07-19T10:07:37+0800,close_template,ad_issue_20260606_052002_roi_15.png,121.52666666666667,960,540,1,weak_positive,click_success:ads2_click_success_20260719_100737_177,
click_det_000032,vision_platform\ads\datasets\detector\click_success_weak_20260719\images\click_det_000032.png,D:\Projects\adb_vl\vision_platform\ads\runtime_collection\click_success\click_success_20260719_100742_015\pre_click.png,vision_platform\ads\runtime_collection\click_success\click_success_20260719_100742_015\event.json,20260719_100742_015,ads2_click_success_20260719_100742_015,2026-07-19T10:07:42+0800,got_template,got2.png,43.526666666666664,960,540,1,weak_positive,click_success:ads2_click_success_20260719_100742_015,
click_det_000033,vision_platform\ads\datasets\detector\click_success_weak_20260719\images\click_det_000033.png,D:\Projects\adb_vl\vision_platform\ads\runtime_collection\click_success\click_success_20260719_100748_731\pre_click.png,vision_platform\ads\runtime_collection\click_success\click_success_20260719_100748_731\event.json,20260719_100748_731,ads2_click_success_20260719_100748_731,2026-07-19T10:07:48+0800,free_ad_template,close_26.png,66.60381944444444,960,540,1,weak_positive,click_success:ads2_click_success_20260719_100748_731,
click_det_000034,vision_platform\ads\datasets\detector\click_success_weak_20260719\images\click_det_000034.png,D:\Projects\adb_vl\vision_platform\ads\runtime_collection\click_success\click_success_20260719_100818_285\pre_click.png,vision_platform\ads\runtime_collection\click_success\click_success_20260719_100818_285\event.json,20260719_100818_285,ads2_click_success_20260719_100818_285,2026-07-19T10:08:18+0800,close_template,ad_issue_20260606_052002_roi_15.png,123.34958333333333,960,540,1,weak_positive,click_success:ads2_click_success_20260719_100818_285,
click_det_000035,vision_platform\ads\datasets\detector\click_success_weak_20260719\images\click_det_000035.png,D:\Projects\adb_vl\vision_platform\ads\runtime_collection\click_success\click_success_20260719_100823_240\pre_click.png,vision_platform\ads\runtime_collection\click_success\click_success_20260719_100823_240\event.json,20260719_100823_240,ads2_click_success_20260719_100823_240,2026-07-19T10:08:23+0800,got_template,got2.png,41.17979166666667,960,540,1,weak_positive,click_success:ads2_click_success_20260719_100823_240,
click_det_000036,vision_platform\ads\datasets\detector\click_success_weak_20260719\images\click_det_000036.png,D:\Projects\adb_vl\vision_platform\ads\runtime_collection\click_success\click_success_20260719_100829_630\pre_click.png,vision_platform\ads\runtime_collection\click_success\click_success_20260719_100829_630\event.json,20260719_100829_630,ads2_click_success_20260719_100829_630,2026-07-19T10:08:29+0800,free_ad_template,close_26.png,60.204861111111114,960,540,1,weak_positive,click_success:ads2_click_success_20260719_100829_630,
click_det_000037,vision_platform\ads\datasets\detector\click_success_weak_20260719\images\click_det_000037.png,D:\Projects\adb_vl\vision_platform\ads\runtime_collection\click_success\click_success_20260719_100848_151\pre_click.png,vision_platform\ads\runtime_collection\click_success\click_success_20260719_100848_151\event.json,20260719_100848_151,ads2_click_success_20260719_100848_151,2026-07-19T10:08:48+0800,close_template,close_24.png,118.05472222222222,960,540,1,weak_positive,click_success:ads2_click_success_20260719_100848_151,
click_det_000038,vision_platform\ads\datasets\detector\click_success_weak_20260719\images\click_det_000038.png,D:\Projects\adb_vl\vision_platform\ads\runtime_collection\click_success\click_success_20260719_100852_946\pre_click.png,vision_platform\ads\runtime_collection\click_success\click_success_20260719_100852_946\event.json,20260719_100852_946,ads2_click_success_20260719_100852_946,2026-07-19T10:08:52+0800,got_template,got2.png,40.21180555555556,960,540,1,weak_positive,click_success:ads2_click_success_20260719_100852_946,
click_det_000039,vision_platform\ads\datasets\detector\click_success_weak_20260719\images\click_det_000039.png,D:\Projects\adb_vl\vision_platform\ads\runtime_collection\click_success\click_success_20260719_100918_100\pre_click.png,vision_platform\ads\runtime_collection\click_success\click_success_20260719_100918_100\event.json,20260719_100918_100,ads2_click_success_20260719_100918_100,2026-07-19T10:09:18+0800,close_template,close_24.png,112.97756944444444,960,540,1,weak_positive,click_success:ads2_click_success_20260719_100918_100,
click_det_000040,vision_platform\ads\datasets\detector\click_success_weak_20260719\images\click_det_000040.png,D:\Projects\adb_vl\vision_platform\ads\runtime_collection\click_success\click_success_20260719_100922_776\pre_click.png,vision_platform\ads\runtime_collection\click_success\click_success_20260719_100922_776\event.json,20260719_100922_776,ads2_click_success_20260719_100922_776,2026-07-19T10:09:22+0800,got_template,got2.png,37.26486111111111,960,540,1,weak_positive,click_success:ads2_click_success_20260719_100922_776,
click_det_000041,vision_platform\ads\datasets\detector\click_success_weak_20260719\images\click_det_000041.png,D:\Projects\adb_vl\vision_platform\ads\runtime_collection\click_success\click_success_20260719_100929_383\pre_click.png,vision_platform\ads\runtime_collection\click_success\click_success_20260719_100929_383\event.json,20260719_100929_383,ads2_click_success_20260719_100929_383,2026-07-19T10:09:29+0800,free_ad_template,free_ad_3.png,51.56118055555555,960,540,1,weak_positive,click_success:ads2_click_success_20260719_100929_383,
click_det_000042,vision_platform\ads\datasets\detector\click_success_weak_20260719\images\click_det_000042.png,D:\Projects\adb_vl\vision_platform\ads\runtime_collection\click_success\click_success_20260719_100947_354\pre_click.png,vision_platform\ads\runtime_collection\click_success\click_success_20260719_100947_354\event.json,20260719_100947_354,ads2_click_success_20260719_100947_354,2026-07-19T10:09:47+0800,close_template,close_24.png,119.741875,960,540,1,weak_positive,click_success:ads2_click_success_20260719_100947_354,
click_det_000043,vision_platform\ads\datasets\detector\click_success_weak_20260719\images\click_det_000043.png,D:\Projects\adb_vl\vision_platform\ads\runtime_collection\click_success\click_success_20260719_100952_060\pre_click.png,vision_platform\ads\runtime_collection\click_success\click_success_20260719_100952_060\event.json,20260719_100952_060,ads2_click_success_20260719_100952_060,2026-07-19T10:09:52+0800,got_template,got2.png,37.361041666666665,960,540,1,weak_positive,click_success:ads2_click_success_20260719_100952_060,
click_det_000044,vision_platform\ads\datasets\detector\click_success_weak_20260719\images\click_det_000044.png,D:\Projects\adb_vl\vision_platform\ads\runtime_collection\click_success\click_success_20260719_101016_908\pre_click.png,vision_platform\ads\runtime_collection\click_success\click_success_20260719_101016_908\event.json,20260719_101016_908,ads2_click_success_20260719_101016_908,2026-07-19T10:10:16+0800,close_template,close_24.png,114.22909722222222,960,540,1,weak_positive,click_success:ads2_click_success_20260719_101016_908,
click_det_000045,vision_platform\ads\datasets\detector\click_success_weak_20260719\images\click_det_000045.png,D:\Projects\adb_vl\vision_platform\ads\runtime_collection\click_success\click_success_20260719_101021_661\pre_click.png,vision_platform\ads\runtime_collection\click_success\click_success_20260719_101021_661\event.json,20260719_101021_661,ads2_click_success_20260719_101021_661,2026-07-19T10:10:21+0800,got_template,got2.png,34.211666666666666,960,540,1,weak_positive,click_success:ads2_click_success_20260719_101021_661,
click_det_000046,vision_platform\ads\datasets\detector\click_success_weak_20260719\images\click_det_000046.png,D:\Projects\adb_vl\vision_platform\ads\runtime_collection\click_success\click_success_20260719_101209_346\pre_click.png,vision_platform\ads\runtime_collection\click_success\click_success_20260719_101209_346\event.json,20260719_101209_346,ads2_click_success_20260719_101209_346,2026-07-19T10:12:09+0800,free_ad_template,close_26.png,83.91701388888889,960,540,1,weak_positive,click_success:ads2_click_success_20260719_101209_346,
click_det_000047,vision_platform\ads\datasets\detector\click_success_weak_20260719\images\click_det_000047.png,D:\Projects\adb_vl\vision_platform\ads\runtime_collection\click_success\click_success_20260719_101227_582\pre_click.png,vision_platform\ads\runtime_collection\click_success\click_success_20260719_101227_582\event.json,20260719_101227_582,ads2_click_success_20260719_101227_582,2026-07-19T10:12:27+0800,got_template,got2.png,83.80111111111111,960,540,1,weak_positive,click_success:ads2_click_success_20260719_101227_582,
click_det_000048,vision_platform\ads\datasets\detector\click_success_weak_20260719\images\click_det_000048.png,D:\Projects\adb_vl\vision_platform\ads\runtime_collection\click_success\click_success_20260719_101252_074\pre_click.png,vision_platform\ads\runtime_collection\click_success\click_success_20260719_101252_074\event.json,20260719_101252_074,ads2_click_success_20260719_101252_074,2026-07-19T10:12:52+0800,close_template,close_24.png,91.75680555555556,960,540,1,weak_positive,click_success:ads2_click_success_20260719_101252_074,
click_det_000049,vision_platform\ads\datasets\detector\click_success_weak_20260719\images\click_det_000049.png,D:\Projects\adb_vl\vision_platform\ads\runtime_collection\click_success\click_success_20260719_101257_107\pre_click.png,vision_platform\ads\runtime_collection\click_success\click_success_20260719_101257_107\event.json,20260719_101257_107,ads2_click_success_20260719_101257_107,2026-07-19T10:12:57+0800,got_template,got2.png,83.84923611111111,960,540,1,weak_positive,click_success:ads2_click_success_20260719_101257_107,
click_det_000050,vision_platform\ads\datasets\detector\click_success_weak_20260719\images\click_det_000050.png,D:\Projects\adb_vl\vision_platform\ads\runtime_collection\click_success\click_success_20260719_101302_590\pre_click.png,vision_platform\ads\runtime_collection\click_success\click_success_20260719_101302_590\event.json,20260719_101302_590,ads2_click_success_20260719_101302_590,2026-07-19T10:13:02+0800,free_ad_template,close_26.png,133.26208333333332,960,540,1,weak_positive,click_success:ads2_click_success_20260719_101302_590,
click_det_000051,vision_platform\ads\datasets\detector\click_success_weak_20260719\images\click_det_000051.png,D:\Projects\adb_vl\vision_platform\ads\runtime_collection\click_success\click_success_20260719_101321_354\pre_click.png,vision_platform\ads\runtime_collection\click_success\click_success_20260719_101321_354\event.json,20260719_101321_354,ads2_click_success_20260719_101321_354,2026-07-19T10:13:21+0800,close_template,close_24.png,92.02791666666667,960,540,1,weak_positive,click_success:ads2_click_success_20260719_101321_354,
click_det_000052,vision_platform\ads\datasets\detector\click_success_weak_20260719\images\click_det_000052.png,D:\Projects\adb_vl\vision_platform\ads\runtime_collection\click_success\click_success_20260719_101326_376\pre_click.png,vision_platform\ads\runtime_collection\click_success\click_success_20260719_101326_376\event.json,20260719_101326_376,ads2_click_success_20260719_101326_376,2026-07-19T10:13:26+0800,got_template,got2.png,83.75708333333333,960,540,1,weak_positive,click_success:ads2_click_success_20260719_101326_376,
click_det_000053,vision_platform\ads\datasets\detector\click_success_weak_20260719\images\click_det_000053.png,D:\Projects\adb_vl\vision_platform\ads\runtime_collection\click_success\click_success_20260719_101331_717\pre_click.png,vision_platform\ads\runtime_collection\click_success\click_success_20260719_101331_717\event.json,20260719_101331_717,ads2_click_success_20260719_101331_717,2026-07-19T10:13:31+0800,free_ad_template,close_26.png,133.23097222222222,960,540,1,weak_positive,click_success:ads2_click_success_20260719_101331_717,
click_det_000054,vision_platform\ads\datasets\detector\click_success_weak_20260719\images\click_det_000054.png,D:\Projects\adb_vl\vision_platform\ads\runtime_collection\click_success\click_success_20260719_101349_744\pre_click.png,vision_platform\ads\runtime_collection\click_success\click_success_20260719_101349_744\event.json,20260719_101349_744,ads2_click_success_20260719_101349_744,2026-07-19T10:13:49+0800,close_template,close_24.png,100.35597222222222,960,540,1,weak_positive,click_success:ads2_click_success_20260719_101349_744,
click_det_000055,vision_platform\ads\datasets\detector\click_success_weak_20260719\images\click_det_000055.png,D:\Projects\adb_vl\vision_platform\ads\runtime_collection\click_success\click_success_20260719_101354_790\pre_click.png,vision_platform\ads\runtime_collection\click_success\click_success_20260719_101354_790\event.json,20260719_101354_790,ads2_click_success_20260719_101354_790,2026-07-19T10:13:54+0800,got_template,got2.png,84.02291666666666,960,540,1,weak_positive,click_success:ads2_click_success_20260719_101354_790,
click_det_000056,vision_platform\ads\datasets\detector\click_success_weak_20260719\images\click_det_000056.png,D:\Projects\adb_vl\vision_platform\ads\runtime_collection\click_success\click_success_20260719_103521_241\pre_click.png,vision_platform\ads\runtime_collection\click_success\click_success_20260719_103521_241\event.json,20260719_103521_241,ads2_click_success_20260719_103521_241,2026-07-19T10:35:21+0800,free_ad_template,close_26.png,63.75625,960,540,1,weak_positive,click_success:ads2_click_success_20260719_103521_241,
click_det_000057,vision_platform\ads\datasets\detector\click_success_weak_20260719\images\click_det_000057.png,D:\Projects\adb_vl\vision_platform\ads\runtime_collection\click_success\click_success_20260719_103538_992\pre_click.png,vision_platform\ads\runtime_collection\click_success\click_success_20260719_103538_992\event.json,20260719_103538_992,ads2_click_success_20260719_103538_992,2026-07-19T10:35:39+0800,close_template,close_2.png,38.09986111111111,960,540,1,weak_positive,click_success:ads2_click_success_20260719_103538_992,
click_det_000058,vision_platform\ads\datasets\detector\click_success_weak_20260719\images\click_det_000058.png,D:\Projects\adb_vl\vision_platform\ads\runtime_collection\click_success\click_success_20260719_103543_766\pre_click.png,vision_platform\ads\runtime_collection\click_success\click_success_20260719_103543_766\event.json,20260719_103543_766,ads2_click_success_20260719_103543_766,2026-07-19T10:35:43+0800,got_template,got2.png,42.97645833333333,960,540,1,weak_positive,click_success:ads2_click_success_20260719_103543_766,
click_det_000059,vision_platform\ads\datasets\detector\click_success_weak_20260719\images\click_det_000059.png,D:\Projects\adb_vl\vision_platform\ads\runtime_collection\click_success\click_success_20260719_103549_876\pre_click.png,vision_platform\ads\runtime_collection\click_success\click_success_20260719_103549_876\event.json,20260719_103549_876,ads2_click_success_20260719_103549_876,2026-07-19T10:35:49+0800,free_ad_template,close_26.png,63.76368055555555,960,540,1,weak_positive,click_success:ads2_click_success_20260719_103549_876,
click_det_000060,vision_platform\ads\datasets\detector\click_success_weak_20260719\images\click_det_000060.png,D:\Projects\adb_vl\vision_platform\ads\runtime_collection\click_success\click_success_20260719_103607_635\pre_click.png,vision_platform\ads\runtime_collection\click_success\click_success_20260719_103607_635\event.json,20260719_103607_635,ads2_click_success_20260719_103607_635,2026-07-19T10:36:07+0800,close_template,close_2.png,32.12284722222222,960,540,1,weak_positive,click_success:ads2_click_success_20260719_103607_635,
click_det_000061,vision_platform\ads\datasets\detector\click_success_weak_20260719\images\click_det_000061.png,D:\Projects\adb_vl\vision_platform\ads\runtime_collection\click_success\click_success_20260719_103612_356\pre_click.png,vision_platform\ads\runtime_collection\click_success\click_success_20260719_103612_356\event.json,20260719_103612_356,ads2_click_success_20260719_103612_356,2026-07-19T10:36:12+0800,got_template,got2.png,40.56368055555556,960,540,1,weak_positive,click_success:ads2_click_success_20260719_103612_356,
click_det_000062,vision_platform\ads\datasets\detector\click_success_weak_20260719\images\click_det_000062.png,D:\Projects\adb_vl\vision_platform\ads\runtime_collection\click_success\click_success_20260719_103618_492\pre_click.png,vision_platform\ads\runtime_collection\click_success\click_success_20260719_103618_492\event.json,20260719_103618_492,ads2_click_success_20260719_103618_492,2026-07-19T10:36:18+0800,free_ad_template,close_26.png,59.399166666666666,960,540,1,weak_positive,click_success:ads2_click_success_20260719_103618_492,
click_det_000063,vision_platform\ads\datasets\detector\click_success_weak_20260719\images\click_det_000063.png,D:\Projects\adb_vl\vision_platform\ads\runtime_collection\click_success\click_success_20260719_103636_297\pre_click.png,vision_platform\ads\runtime_collection\click_success\click_success_20260719_103636_297\event.json,20260719_103636_297,ads2_click_success_20260719_103636_297,2026-07-19T10:36:36+0800,close_template,close_2.png,40.211527777777775,960,540,1,weak_positive,click_success:ads2_click_success_20260719_103636_297,
click_det_000064,vision_platform\ads\datasets\detector\click_success_weak_20260719\images\click_det_000064.png,D:\Projects\adb_vl\vision_platform\ads\runtime_collection\click_success\click_success_20260719_103641_046\pre_click.png,vision_platform\ads\runtime_collection\click_success\click_success_20260719_103641_046\event.json,20260719_103641_046,ads2_click_success_20260719_103641_046,2026-07-19T10:36:41+0800,got_template,got2.png,39.87152777777778,960,540,1,weak_positive,click_success:ads2_click_success_20260719_103641_046,
click_det_000065,vision_platform\ads\datasets\detector\click_success_weak_20260719\images\click_det_000065.png,D:\Projects\adb_vl\vision_platform\ads\runtime_collection\click_success\click_success_20260719_103647_501\pre_click.png,vision_platform\ads\runtime_collection\click_success\click_success_20260719_103647_501\event.json,20260719_103647_501,ads2_click_success_20260719_103647_501,2026-07-19T10:36:47+0800,free_ad_template,free_ad_3.png,55.05784722222222,960,540,1,weak_positive,click_success:ads2_click_success_20260719_103647_501,
click_det_000066,vision_platform\ads\datasets\detector\click_success_weak_20260719\images\click_det_000066.png,D:\Projects\adb_vl\vision_platform\ads\runtime_collection\click_success\click_success_20260719_103705_354\pre_click.png,vision_platform\ads\runtime_collection\click_success\click_success_20260719_103705_354\event.json,20260719_103705_354,ads2_click_success_20260719_103705_354,2026-07-19T10:37:05+0800,close_template,close_2.png,37.476875,960,540,1,weak_positive,click_success:ads2_click_success_20260719_103705_354,
click_det_000067,vision_platform\ads\datasets\detector\click_success_weak_20260719\images\click_det_000067.png,D:\Projects\adb_vl\vision_platform\ads\runtime_collection\click_success\click_success_20260719_103710_061\pre_click.png,vision_platform\ads\runtime_collection\click_success\click_success_20260719_103710_061\event.json,20260719_103710_061,ads2_click_success_20260719_103710_061,2026-07-19T10:37:10+0800,got_template,got2.png,36.64145833333333,960,540,1,weak_positive,click_success:ads2_click_success_20260719_103710_061,
click_det_000068,vision_platform\ads\datasets\detector\click_success_weak_20260719\images\click_det_000068.png,D:\Projects\adb_vl\vision_platform\ads\runtime_collection\click_success\click_success_20260719_103716_510\pre_click.png,vision_platform\ads\runtime_collection\click_success\click_success_20260719_103716_510\event.json,20260719_103716_510,ads2_click_success_20260719_103716_510,2026-07-19T10:37:16+0800,free_ad_template,free_ad_3.png,50.622569444444444,960,540,1,weak_positive,click_success:ads2_click_success_20260719_103716_510,
click_det_000069,vision_platform\ads\datasets\detector\click_success_weak_20260719\images\click_det_000069.png,D:\Projects\adb_vl\vision_platform\ads\runtime_collection\click_success\click_success_20260719_103734_266\pre_click.png,vision_platform\ads\runtime_collection\click_success\click_success_20260719_103734_266\event.json,20260719_103734_266,ads2_click_success_20260719_103734_266,2026-07-19T10:37:34+0800,close_template,close_2.png,37.113055555555555,960,540,1,weak_positive,click_success:ads2_click_success_20260719_103734_266,
click_det_000070,vision_platform\ads\datasets\detector\click_success_weak_20260719\images\click_det_000070.png,D:\Projects\adb_vl\vision_platform\ads\runtime_collection\click_success\click_success_20260719_103738_937\pre_click.png,vision_platform\ads\runtime_collection\click_success\click_success_20260719_103738_937\event.json,20260719_103738_937,ads2_click_success_20260719_103738_937,2026-07-19T10:37:38+0800,got_template,got2.png,36.80715277777778,960,540,1,weak_positive,click_success:ads2_click_success_20260719_103738_937,
click_det_000071,vision_platform\ads\datasets\detector\click_success_weak_20260719\images\click_det_000071.png,D:\Projects\adb_vl\vision_platform\ads\runtime_collection\click_success\click_success_20260719_103745_300\pre_click.png,vision_platform\ads\runtime_collection\click_success\click_success_20260719_103745_300\event.json,20260719_103745_300,ads2_click_success_20260719_103745_300,2026-07-19T10:37:45+0800,free_ad_template,free_ad_3.png,50.75465277777778,960,540,1,weak_positive,click_success:ads2_click_success_20260719_103745_300,
click_det_000072,vision_platform\ads\datasets\detector\click_success_weak_20260719\images\click_det_000072.png,D:\Projects\adb_vl\vision_platform\ads\runtime_collection\click_success\click_success_20260719_103802_890\pre_click.png,vision_platform\ads\runtime_collection\click_success\click_success_20260719_103802_890\event.json,20260719_103802_890,ads2_click_success_20260719_103802_890,2026-07-19T10:38:02+0800,close_template,close_2.png,27.513680555555556,960,540,1,weak_positive,click_success:ads2_click_success_20260719_103802_890,
click_det_000073,vision_platform\ads\datasets\detector\click_success_weak_20260719\images\click_det_000073.png,D:\Projects\adb_vl\vision_platform\ads\runtime_collection\click_success\click_success_20260719_103807_546\pre_click.png,vision_platform\ads\runtime_collection\click_success\click_success_20260719_103807_546\event.json,20260719_103807_546,ads2_click_success_20260719_103807_546,2026-07-19T10:38:07+0800,got_template,got2.png,33.587361111111115,960,540,1,weak_positive,click_success:ads2_click_success_20260719_103807_546,
click_det_000074,vision_platform\ads\datasets\detector\click_success_weak_20260719\images\click_det_000074.png,D:\Projects\adb_vl\vision_platform\ads\runtime_collection\click_success\click_success_20260719_104040_426\pre_click.png,vision_platform\ads\runtime_collection\click_success\click_success_20260719_104040_426\event.json,20260719_104040_426,ads2_click_success_20260719_104040_426,2026-07-19T10:40:40+0800,free_ad_template,close_26.png,84.34409722222222,960,540,1,weak_positive,click_success:ads2_click_success_20260719_104040_426,
click_det_000075,vision_platform\ads\datasets\detector\click_success_weak_20260719\images\click_det_000075.png,D:\Projects\adb_vl\vision_platform\ads\runtime_collection\click_success\click_success_20260719_104058_778\pre_click.png,vision_platform\ads\runtime_collection\click_success\click_success_20260719_104058_778\event.json,20260719_104058_778,ads2_click_success_20260719_104058_778,2026-07-19T10:40:58+0800,got_template,got2.png,83.93201388888889,960,540,1,weak_positive,click_success:ads2_click_success_20260719_104058_778,
click_det_000076,vision_platform\ads\datasets\detector\click_success_weak_20260719\images\click_det_000076.png,D:\Projects\adb_vl\vision_platform\ads\runtime_collection\click_success\click_success_20260719_104104_182\pre_click.png,vision_platform\ads\runtime_collection\click_success\click_success_20260719_104104_182\event.json,20260719_104104_182,ads2_click_success_20260719_104104_182,2026-07-19T10:41:04+0800,free_ad_template,close_26.png,133.2757638888889,960,540,1,weak_positive,click_success:ads2_click_success_20260719_104104_182,
click_det_000077,vision_platform\ads\datasets\detector\click_success_weak_20260719\images\click_det_000077.png,D:\Projects\adb_vl\vision_platform\ads\runtime_collection\click_success\click_success_20260719_104121_989\pre_click.png,vision_platform\ads\runtime_collection\click_success\click_success_20260719_104121_989\event.json,20260719_104121_989,ads2_click_success_20260719_104121_989,2026-07-19T10:41:22+0800,close_template,close_2.png,82.02333333333333,960,540,1,weak_positive,click_success:ads2_click_success_20260719_104121_989,
click_det_000078,vision_platform\ads\datasets\detector\click_success_weak_20260719\images\click_det_000078.png,D:\Projects\adb_vl\vision_platform\ads\runtime_collection\click_success\click_success_20260719_104126_971\pre_click.png,vision_platform\ads\runtime_collection\click_success\click_success_20260719_104126_971\event.json,20260719_104126_971,ads2_click_success_20260719_104126_971,2026-07-19T10:41:27+0800,got_template,got2.png,83.80548611111111,960,540,1,weak_positive,click_success:ads2_click_success_20260719_104126_971,
click_det_000079,vision_platform\ads\datasets\detector\click_success_weak_20260719\images\click_det_000079.png,D:\Projects\adb_vl\vision_platform\ads\runtime_collection\click_success\click_success_20260719_104132_340\pre_click.png,vision_platform\ads\runtime_collection\click_success\click_success_20260719_104132_340\event.json,20260719_104132_340,ads2_click_success_20260719_104132_340,2026-07-19T10:41:32+0800,free_ad_template,close_26.png,133.2161111111111,960,540,1,weak_positive,click_success:ads2_click_success_20260719_104132_340,
click_det_000080,vision_platform\ads\datasets\detector\click_success_weak_20260719\images\click_det_000080.png,D:\Projects\adb_vl\vision_platform\ads\runtime_collection\click_success\click_success_20260719_104150_255\pre_click.png,vision_platform\ads\runtime_collection\click_success\click_success_20260719_104150_255\event.json,20260719_104150_255,ads2_click_success_20260719_104150_255,2026-07-19T10:41:50+0800,close_template,close_2.png,82.65833333333333,960,540,1,weak_positive,click_success:ads2_click_success_20260719_104150_255,
click_det_000081,vision_platform\ads\datasets\detector\click_success_weak_20260719\images\click_det_000081.png,D:\Projects\adb_vl\vision_platform\ads\runtime_collection\click_success\click_success_20260719_104155_349\pre_click.png,vision_platform\ads\runtime_collection\click_success\click_success_20260719_104155_349\event.json,20260719_104155_349,ads2_click_success_20260719_104155_349,2026-07-19T10:41:55+0800,got_template,got2.png,83.9276388888889,960,540,1,weak_positive,click_success:ads2_click_success_20260719_104155_349,
click_det_000082,vision_platform\ads\datasets\detector\click_success_weak_20260719\images\click_det_000082.png,D:\Projects\adb_vl\vision_platform\ads\runtime_collection\click_success\click_success_20260719_104200_678\pre_click.png,vision_platform\ads\runtime_collection\click_success\click_success_20260719_104200_678\event.json,20260719_104200_678,ads2_click_success_20260719_104200_678,2026-07-19T10:42:00+0800,free_ad_template,close_26.png,133.16166666666666,960,540,1,weak_positive,click_success:ads2_click_success_20260719_104200_678,
click_det_000083,vision_platform\ads\datasets\detector\click_success_weak_20260719\images\click_det_000083.png,D:\Projects\adb_vl\vision_platform\ads\runtime_collection\click_success\click_success_20260719_104218_527\pre_click.png,vision_platform\ads\runtime_collection\click_success\click_success_20260719_104218_527\event.json,20260719_104218_527,ads2_click_success_20260719_104218_527,2026-07-19T10:42:18+0800,close_template,close_2.png,69.335,960,540,1,weak_positive,click_success:ads2_click_success_20260719_104218_527,
click_det_000084,vision_platform\ads\datasets\detector\click_success_weak_20260719\images\click_det_000084.png,D:\Projects\adb_vl\vision_platform\ads\runtime_collection\click_success\click_success_20260719_104223_529\pre_click.png,vision_platform\ads\runtime_collection\click_success\click_success_20260719_104223_529\event.json,20260719_104223_529,ads2_click_success_20260719_104223_529,2026-07-19T10:42:23+0800,got_template,got2.png,83.89298611111111,960,540,1,weak_positive,click_success:ads2_click_success_20260719_104223_529,
click_det_000085,vision_platform\ads\datasets\detector\click_success_weak_20260719\images\click_det_000085.png,D:\Projects\adb_vl\vision_platform\ads\runtime_collection\click_success\click_success_20260719_110246_831\pre_click.png,vision_platform\ads\runtime_collection\click_success\click_success_20260719_110246_831\event.json,20260719_110246_831,ads2_click_success_20260719_110246_831,2026-07-19T11:02:46+0800,free_ad_template,close_26.png,66.68861111111111,960,540,1,weak_positive,click_success:ads2_click_success_20260719_110246_831,
click_det_000086,vision_platform\ads\datasets\detector\click_success_weak_20260719\images\click_det_000086.png,D:\Projects\adb_vl\vision_platform\ads\runtime_collection\click_success\click_success_20260719_110304_494\pre_click.png,vision_platform\ads\runtime_collection\click_success\click_success_20260719_110304_494\event.json,20260719_110304_494,ads2_click_success_20260719_110304_494,2026-07-19T11:03:04+0800,close_template,close_2.png,35.770833333333336,960,540,1,weak_positive,click_success:ads2_click_success_20260719_110304_494,
click_det_000087,vision_platform\ads\datasets\detector\click_success_weak_20260719\images\click_det_000087.png,D:\Projects\adb_vl\vision_platform\ads\runtime_collection\click_success\click_success_20260719_110309_257\pre_click.png,vision_platform\ads\runtime_collection\click_success\click_success_20260719_110309_257\event.json,20260719_110309_257,ads2_click_success_20260719_110309_257,2026-07-19T11:03:09+0800,got_template,got2.png,44.87798611111111,960,540,1,weak_positive,click_success:ads2_click_success_20260719_110309_257,
click_det_000088,vision_platform\ads\datasets\detector\click_success_weak_20260719\images\click_det_000088.png,D:\Projects\adb_vl\vision_platform\ads\runtime_collection\click_success\click_success_20260719_110315_415\pre_click.png,vision_platform\ads\runtime_collection\click_success\click_success_20260719_110315_415\event.json,20260719_110315_415,ads2_click_success_20260719_110315_415,2026-07-19T11:03:15+0800,free_ad_template,close_26.png,66.82930555555555,960,540,1,weak_positive,click_success:ads2_click_success_20260719_110315_415,
click_det_000089,vision_platform\ads\datasets\detector\click_success_weak_20260719\images\click_det_000089.png,D:\Projects\adb_vl\vision_platform\ads\runtime_collection\click_success\click_success_20260719_110333_073\pre_click.png,vision_platform\ads\runtime_collection\click_success\click_success_20260719_110333_073\event.json,20260719_110333_073,ads2_click_success_20260719_110333_073,2026-07-19T11:03:33+0800,close_template,close_2.png,42.538333333333334,960,540,1,weak_positive,click_success:ads2_click_success_20260719_110333_073,
click_det_000090,vision_platform\ads\datasets\detector\click_success_weak_20260719\images\click_det_000090.png,D:\Projects\adb_vl\vision_platform\ads\runtime_collection\click_success\click_success_20260719_110337_799\pre_click.png,vision_platform\ads\runtime_collection\click_success\click_success_20260719_110337_799\event.json,20260719_110337_799,ads2_click_success_20260719_110337_799,2026-07-19T11:03:37+0800,got_template,got2.png,42.395694444444445,960,540,1,weak_positive,click_success:ads2_click_success_20260719_110337_799,
click_det_000091,vision_platform\ads\datasets\detector\click_success_weak_20260719\images\click_det_000091.png,D:\Projects\adb_vl\vision_platform\ads\runtime_collection\click_success\click_success_20260719_110343_870\pre_click.png,vision_platform\ads\runtime_collection\click_success\click_success_20260719_110343_870\event.json,20260719_110343_870,ads2_click_success_20260719_110343_870,2026-07-19T11:03:43+0800,free_ad_template,close_26.png,62.318125,960,540,1,weak_positive,click_success:ads2_click_success_20260719_110343_870,
click_det_000092,vision_platform\ads\datasets\detector\click_success_weak_20260719\images\click_det_000092.png,D:\Projects\adb_vl\vision_platform\ads\runtime_collection\click_success\click_success_20260719_110401_544\pre_click.png,vision_platform\ads\runtime_collection\click_success\click_success_20260719_110401_544\event.json,20260719_110401_544,ads2_click_success_20260719_110401_544,2026-07-19T11:04:01+0800,close_template,close_2.png,47.83159722222222,960,540,1,weak_positive,click_success:ads2_click_success_20260719_110401_544,
click_det_000093,vision_platform\ads\datasets\detector\click_success_weak_20260719\images\click_det_000093.png,D:\Projects\adb_vl\vision_platform\ads\runtime_collection\click_success\click_success_20260719_110406_245\pre_click.png,vision_platform\ads\runtime_collection\click_success\click_success_20260719_110406_245\event.json,20260719_110406_245,ads2_click_success_20260719_110406_245,2026-07-19T11:04:06+0800,got_template,got2.png,41.64361111111111,960,540,1,weak_positive,click_success:ads2_click_success_20260719_110406_245,
click_det_000094,vision_platform\ads\datasets\detector\click_success_weak_20260719\images\click_det_000094.png,D:\Projects\adb_vl\vision_platform\ads\runtime_collection\click_success\click_success_20260719_110412_722\pre_click.png,vision_platform\ads\runtime_collection\click_success\click_success_20260719_110412_722\event.json,20260719_110412_722,ads2_click_success_20260719_110412_722,2026-07-19T11:04:12+0800,free_ad_template,free_ad_3.png,58.13166666666667,960,540,1,weak_positive,click_success:ads2_click_success_20260719_110412_722,
click_det_000095,vision_platform\ads\datasets\detector\click_success_weak_20260719\images\click_det_000095.png,D:\Projects\adb_vl\vision_platform\ads\runtime_collection\click_success\click_success_20260719_110430_386\pre_click.png,vision_platform\ads\runtime_collection\click_success\click_success_20260719_110430_386\event.json,20260719_110430_386,ads2_click_success_20260719_110430_386,2026-07-19T11:04:30+0800,close_template,close_2.png,31.08534722222222,960,540,1,weak_positive,click_success:ads2_click_success_20260719_110430_386,
click_det_000096,vision_platform\ads\datasets\detector\click_success_weak_20260719\images\click_det_000096.png,D:\Projects\adb_vl\vision_platform\ads\runtime_collection\click_success\click_success_20260719_110435_162\pre_click.png,vision_platform\ads\runtime_collection\click_success\click_success_20260719_110435_162\event.json,20260719_110435_162,ads2_click_success_20260719_110435_162,2026-07-19T11:04:35+0800,got_template,got2.png,38.57763888888889,960,540,1,weak_positive,click_success:ads2_click_success_20260719_110435_162,
click_det_000097,vision_platform\ads\datasets\detector\click_success_weak_20260719\images\click_det_000097.png,D:\Projects\adb_vl\vision_platform\ads\runtime_collection\click_success\click_success_20260719_110441_599\pre_click.png,vision_platform\ads\runtime_collection\click_success\click_success_20260719_110441_599\event.json,20260719_110441_599,ads2_click_success_20260719_110441_599,2026-07-19T11:04:41+0800,free_ad_template,free_ad_3.png,53.811458333333334,960,540,1,weak_positive,click_success:ads2_click_success_20260719_110441_599,
click_det_000098,vision_platform\ads\datasets\detector\click_success_weak_20260719\images\click_det_000098.png,D:\Projects\adb_vl\vision_platform\ads\runtime_collection\click_success\click_success_20260719_110459_134\pre_click.png,vision_platform\ads\runtime_collection\click_success\click_success_20260719_110459_134\event.json,20260719_110459_134,ads2_click_success_20260719_110459_134,2026-07-19T11:04:59+0800,close_template,close_2.png,28.830347222222223,960,540,1,weak_positive,click_success:ads2_click_success_20260719_110459_134,
click_det_000099,vision_platform\ads\datasets\detector\click_success_weak_20260719\images\click_det_000099.png,D:\Projects\adb_vl\vision_platform\ads\runtime_collection\click_success\click_success_20260719_110503_846\pre_click.png,vision_platform\ads\runtime_collection\click_success\click_success_20260719_110503_846\event.json,20260719_110503_846,ads2_click_success_20260719_110503_846,2026-07-19T11:05:03+0800,got_template,got2.png,38.60055555555556,960,540,1,weak_positive,click_success:ads2_click_success_20260719_110503_846,
click_det_000100,vision_platform\ads\datasets\detector\click_success_weak_20260719\images\click_det_000100.png,D:\Projects\adb_vl\vision_platform\ads\runtime_collection\click_success\click_success_20260719_110510_259\pre_click.png,vision_platform\ads\runtime_collection\click_success\click_success_20260719_110510_259\event.json,20260719_110510_259,ads2_click_success_20260719_110510_259,2026-07-19T11:05:10+0800,free_ad_template,free_ad_3.png,53.82159722222222,960,540,1,weak_positive,click_success:ads2_click_success_20260719_110510_259,
click_det_000101,vision_platform\ads\datasets\detector\click_success_weak_20260719\images\click_det_000101.png,D:\Projects\adb_vl\vision_platform\ads\runtime_collection\click_success\click_success_20260719_110527_965\pre_click.png,vision_platform\ads\runtime_collection\click_success\click_success_20260719_110527_965\event.json,20260719_110527_965,ads2_click_success_20260719_110527_965,2026-07-19T11:05:28+0800,close_template,close_2.png,31.62875,960,540,1,weak_positive,click_success:ads2_click_success_20260719_110527_965,
click_det_000102,vision_platform\ads\datasets\detector\click_success_weak_20260719\images\click_det_000102.png,D:\Projects\adb_vl\vision_platform\ads\runtime_collection\click_success\click_success_20260719_110532_655\pre_click.png,vision_platform\ads\runtime_collection\click_success\click_success_20260719_110532_655\event.json,20260719_110532_655,ads2_click_success_20260719_110532_655,2026-07-19T11:05:32+0800,got_template,got2.png,35.55430555555556,960,540,1,weak_positive,click_success:ads2_click_success_20260719_110532_655,
click_det_000103,vision_platform\ads\datasets\detector\click_success_weak_20260719\images\click_det_000103.png,D:\Projects\adb_vl\vision_platform\ads\runtime_collection\click_success\click_success_20260719_110835_052\pre_click.png,vision_platform\ads\runtime_collection\click_success\click_success_20260719_110835_052\event.json,20260719_110835_052,ads2_click_success_20260719_110835_052,2026-07-19T11:08:35+0800,free_ad_template,close_26.png,133.1732638888889,960,540,1,weak_positive,click_success:ads2_click_success_20260719_110835_052,
click_det_000104,vision_platform\ads\datasets\detector\click_success_weak_20260719\images\click_det_000104.png,D:\Projects\adb_vl\vision_platform\ads\runtime_collection\click_success\click_success_20260719_110853_198\pre_click.png,vision_platform\ads\runtime_collection\click_success\click_success_20260719_110853_198\event.json,20260719_110853_198,ads2_click_success_20260719_110853_198,2026-07-19T11:08:53+0800,close_template,close_2.png,95.62729166666666,960,540,1,weak_positive,click_success:ads2_click_success_20260719_110853_198,
click_det_000105,vision_platform\ads\datasets\detector\click_success_weak_20260719\images\click_det_000105.png,D:\Projects\adb_vl\vision_platform\ads\runtime_collection\click_success\click_success_20260719_110858_386\pre_click.png,vision_platform\ads\runtime_collection\click_success\click_success_20260719_110858_386\event.json,20260719_110858_386,ads2_click_success_20260719_110858_386,2026-07-19T11:08:58+0800,got_template,got2.png,83.714375,960,540,1,weak_positive,click_success:ads2_click_success_20260719_110858_386,
click_det_000106,vision_platform\ads\datasets\detector\click_success_weak_20260719\images\click_det_000106.png,D:\Projects\adb_vl\vision_platform\ads\runtime_collection\click_success\click_success_20260719_110903_943\pre_click.png,vision_platform\ads\runtime_collection\click_success\click_success_20260719_110903_943\event.json,20260719_110903_943,ads2_click_success_20260719_110903_943,2026-07-19T11:09:03+0800,free_ad_template,close_26.png,133.2567361111111,960,540,1,weak_positive,click_success:ads2_click_success_20260719_110903_943,
click_det_000107,vision_platform\ads\datasets\detector\click_success_weak_20260719\images\click_det_000107.png,D:\Projects\adb_vl\vision_platform\ads\runtime_collection\click_success\click_success_20260719_110922_089\pre_click.png,vision_platform\ads\runtime_collection\click_success\click_success_20260719_110922_089\event.json,20260719_110922_089,ads2_click_success_20260719_110922_089,2026-07-19T11:09:22+0800,close_template,close_2.png,82.61444444444444,960,540,1,weak_positive,click_success:ads2_click_success_20260719_110922_089,
click_det_000108,vision_platform\ads\datasets\detector\click_success_weak_20260719\images\click_det_000108.png,D:\Projects\adb_vl\vision_platform\ads\runtime_collection\click_success\click_success_20260719_110927_172\pre_click.png,vision_platform\ads\runtime_collection\click_success\click_success_20260719_110927_172\event.json,20260719_110927_172,ads2_click_success_20260719_110927_172,2026-07-19T11:09:27+0800,got_template,got2.png,83.84625,960,540,1,weak_positive,click_success:ads2_click_success_20260719_110927_172,
click_det_000109,vision_platform\ads\datasets\detector\click_success_weak_20260719\images\click_det_000109.png,D:\Projects\adb_vl\vision_platform\ads\runtime_collection\click_success\click_success_20260719_110932_725\pre_click.png,vision_platform\ads\runtime_collection\click_success\click_success_20260719_110932_725\event.json,20260719_110932_725,ads2_click_success_20260719_110932_725,2026-07-19T11:09:32+0800,free_ad_template,close_26.png,133.04291666666666,960,540,1,weak_positive,click_success:ads2_click_success_20260719_110932_725,
click_det_000110,vision_platform\ads\datasets\detector\click_success_weak_20260719\images\click_det_000110.png,D:\Projects\adb_vl\vision_platform\ads\runtime_collection\click_success\click_success_20260719_110950_797\pre_click.png,vision_platform\ads\runtime_collection\click_success\click_success_20260719_110950_797\event.json,20260719_110950_797,ads2_click_success_20260719_110950_797,2026-07-19T11:09:50+0800,close_template,close_2.png,88.855,960,540,1,weak_positive,click_success:ads2_click_success_20260719_110950_797,
click_det_000111,vision_platform\ads\datasets\detector\click_success_weak_20260719\images\click_det_000111.png,D:\Projects\adb_vl\vision_platform\ads\runtime_collection\click_success\click_success_20260719_110955_875\pre_click.png,vision_platform\ads\runtime_collection\click_success\click_success_20260719_110955_875\event.json,20260719_110955_875,ads2_click_success_20260719_110955_875,2026-07-19T11:09:55+0800,got_template,got2.png,83.86847222222222,960,540,1,weak_positive,click_success:ads2_click_success_20260719_110955_875,
