screen_id,image_path,original_path,relative_path,instance_id,content_id,vision_domain,screen_state,asset_type,representation,source_root,width,height,positive_bbox_count,split_group,split
ads_det_000001,vision_platform\ads\datasets\detector\action_candidate_20260719\images\ads_det_000001.png,D:\Projects\adb_vl\ads2\assets\2_communication\manual_capture_20260606_203317.png,ads2\assets\2_communication\manual_capture_20260606_203317.png,file_cb92658830fac8b5,asset_1cbbbee4c4d36bef,ads,actionable,clean_fullscreen,raw,ads2\assets\2_communication,960,540,1,content:asset_1cbbbee4c4d36bef,train
ads_det_000003,vision_platform\ads\datasets\detector\action_candidate_20260719\images\ads_det_000003.png,D:\Projects\adb_vl\ads2\assets\2_communication\manual_rescue_20260606_225520.png,ads2\assets\2_communication\manual_rescue_20260606_225520.png,file_d5b98b055872b01a,asset_750d55c7609ca258,shared,actionable,clean_fullscreen,raw,ads2\assets\2_communication,960,540,1,content:asset_750d55c7609ca258,train
ads_det_000004,vision_platform\ads\datasets\detector\action_candidate_20260719\images\ads_det_000004.png,D:\Projects\adb_vl\ads2\assets\2_communication\manual_rescue_20260606_231704_edit.png,ads2\assets\2_communication\manual_rescue_20260606_231704_edit.png,file_1dc86af4d362d037,asset_ab05d9f4b4d29489,shared,actionable,clean_fullscreen,raw,ads2\assets\2_communication,960,540,1,content:asset_ab05d9f4b4d29489,test
ads_det_000005,vision_platform\ads\datasets\detector\action_candidate_20260719\images\ads_det_000005.png,D:\Projects\adb_vl\ads2\assets\2_communication\manual_rescue_20260606_231704_original.png,ads2\assets\2_communication\manual_rescue_20260606_231704_original.png,file_e86ea26f36534291,asset_b867455dd1ee49b4,shared,actionable,clean_fullscreen,raw,ads2\assets\2_communication,960,540,1,content:asset_b867455dd1ee49b4,train
ads_det_000006,vision_platform\ads\datasets\detector\action_candidate_20260719\images\ads_det_000006.png,D:\Projects\adb_vl\ads2\assets\2_communication\manual_rescue_20260606_232156_edit.png,ads2\assets\2_communication\manual_rescue_20260606_232156_edit.png,file_b7ee94d02191862f,asset_636cdeb26ca95f12,shared,actionable,clean_fullscreen,raw,ads2\assets\2_communication,960,540,1,content:asset_636cdeb26ca95f12,train
ads_det_000007,vision_platform\ads\datasets\detector\action_candidate_20260719\images\ads_det_000007.png,D:\Projects\adb_vl\ads2\assets\2_communication\manual_rescue_20260606_232156_original.png,ads2\assets\2_communication\manual_rescue_20260606_232156_original.png,file_a38025dbb89180ef,asset_18251ebb4fbe0ec2,shared,actionable,clean_fullscreen,raw,ads2\assets\2_communication,960,540,1,content:asset_18251ebb4fbe0ec2,train
ads_det_000008,vision_platform\ads\datasets\detector\action_candidate_20260719\images\ads_det_000008.png,D:\Projects\adb_vl\ads2\assets\2_communication\manual_rescue_20260607_082421_edit.png,ads2\assets\2_communication\manual_rescue_20260607_082421_edit.png,file_d212015305644917,asset_36d0173a1ee8f012,ads,actionable,clean_fullscreen,raw,ads2\assets\2_communication,960,540,1,content:asset_36d0173a1ee8f012,train
ads_det_000009,vision_platform\ads\datasets\detector\action_candidate_20260719\images\ads_det_000009.png,D:\Projects\adb_vl\ads2\assets\2_communication\manual_rescue_20260607_082421_original.png,ads2\assets\2_communication\manual_rescue_20260607_082421_original.png,file_dd3404a95461a35b,asset_a8624d3b6b62bbd3,ads,actionable,clean_fullscreen,raw,ads2\assets\2_communication,960,540,1,content:asset_a8624d3b6b62bbd3,train
ads_det_000010,vision_platform\ads\datasets\detector\action_candidate_20260719\images\ads_det_000010.png,D:\Projects\adb_vl\ads2\assets\2_communication\manual_rescue_20260607_082726_edit.png,ads2\assets\2_communication\manual_rescue_20260607_082726_edit.png,file_b83f222024e4dce3,asset_aa6d0cc26c800a10,shared,actionable,clean_fullscreen,raw,ads2\assets\2_communication,960,540,1,content:asset_aa6d0cc26c800a10,test
ads_det_000011,vision_platform\ads\datasets\detector\action_candidate_20260719\images\ads_det_000011.png,D:\Projects\adb_vl\ads2\assets\2_communication\manual_rescue_20260607_082726_original.png,ads2\assets\2_communication\manual_rescue_20260607_082726_original.png,file_1d66d77457cb8524,asset_012e1c6083b7edb3,shared,actionable,clean_fullscreen,raw,ads2\assets\2_communication,960,540,1,content:asset_012e1c6083b7edb3,train
ads_det_000012,vision_platform\ads\datasets\detector\action_candidate_20260719\images\ads_det_000012.png,D:\Projects\adb_vl\ads2\assets\2_communication\manual_rescue_20260607_082949_edit.png,ads2\assets\2_communication\manual_rescue_20260607_082949_edit.png,file_4302c7d9cabc3a27,asset_42d55640f5e0078b,shared,actionable,clean_fullscreen,raw,ads2\assets\2_communication,960,540,1,content:asset_42d55640f5e0078b,train
ads_det_000013,vision_platform\ads\datasets\detector\action_candidate_20260719\images\ads_det_000013.png,D:\Projects\adb_vl\ads2\assets\2_communication\manual_rescue_20260607_082949_original.png,ads2\assets\2_communication\manual_rescue_20260607_082949_original.png,file_884882948f49225e,asset_db91c1f09cec9eb8,shared,actionable,clean_fullscreen,raw,ads2\assets\2_communication,960,540,1,content:asset_db91c1f09cec9eb8,test
ads_det_000014,vision_platform\ads\datasets\detector\action_candidate_20260719\images\ads_det_000014.png,D:\Projects\adb_vl\ads2\assets\2_communication\manual_rescue_20260607_084044_edit.png,ads2\assets\2_communication\manual_rescue_20260607_084044_edit.png,file_36e3a5114617b811,asset_9747d2b044514da5,shared,actionable,clean_fullscreen,raw,ads2\assets\2_communication,960,540,1,content:asset_9747d2b044514da5,val
ads_det_000015,vision_platform\ads\datasets\detector\action_candidate_20260719\images\ads_det_000015.png,D:\Projects\adb_vl\ads2\assets\2_communication\manual_rescue_20260607_084044_original.png,ads2\assets\2_communication\manual_rescue_20260607_084044_original.png,file_7e8dc83206c303ea,asset_cdbc112f29c50c6a,shared,actionable,clean_fullscreen,raw,ads2\assets\2_communication,960,540,1,content:asset_cdbc112f29c50c6a,train
ads_det_000016,vision_platform\ads\datasets\detector\action_candidate_20260719\images\ads_det_000016.png,D:\Projects\adb_vl\ads2\assets\2_communication\manual_rescue_20260607_085221_edit.png,ads2\assets\2_communication\manual_rescue_20260607_085221_edit.png,file_a3ae38fcad2f22f2,asset_fa172a2f563a6c00,shared,actionable,clean_fullscreen,raw,ads2\assets\2_communication,960,540,1,content:asset_fa172a2f563a6c00,train
ads_det_000017,vision_platform\ads\datasets\detector\action_candidate_20260719\images\ads_det_000017.png,D:\Projects\adb_vl\ads2\assets\2_communication\manual_rescue_20260607_085221_original.png,ads2\assets\2_communication\manual_rescue_20260607_085221_original.png,file_243b7b7509dbd3e4,asset_ae18f7ee593c2fee,shared,actionable,clean_fullscreen,raw,ads2\assets\2_communication,960,540,1,content:asset_ae18f7ee593c2fee,train
ads_det_000018,vision_platform\ads\datasets\detector\action_candidate_20260719\images\ads_det_000018.png,D:\Projects\adb_vl\ads2\assets\2_communication\manual_rescue_20260607_085540_edit.png,ads2\assets\2_communication\manual_rescue_20260607_085540_edit.png,file_921bc8370c557d92,asset_952d77d5dade7206,shared,actionable,clean_fullscreen,raw,ads2\assets\2_communication,960,540,1,content:asset_952d77d5dade7206,train
ads_det_000019,vision_platform\ads\datasets\detector\action_candidate_20260719\images\ads_det_000019.png,D:\Projects\adb_vl\ads2\assets\2_communication\manual_rescue_20260607_085540_original.png,ads2\assets\2_communication\manual_rescue_20260607_085540_original.png,file_fdb8b473ec271a1b,asset_105b675b3aaac632,shared,actionable,clean_fullscreen,raw,ads2\assets\2_communication,960,540,1,content:asset_105b675b3aaac632,train
ads_det_000020,vision_platform\ads\datasets\detector\action_candidate_20260719\images\ads_det_000020.png,D:\Projects\adb_vl\ads2\assets\2_communication\manual_rescue_20260607_101333_edit.png,ads2\assets\2_communication\manual_rescue_20260607_101333_edit.png,file_0cc3b419504e6c6d,asset_31248d6ed529be48,ads,actionable,clean_fullscreen,raw,ads2\assets\2_communication,960,540,1,content:asset_31248d6ed529be48,train
ads_det_000021,vision_platform\ads\datasets\detector\action_candidate_20260719\images\ads_det_000021.png,D:\Projects\adb_vl\ads2\assets\2_communication\manual_rescue_20260607_101333_original.png,ads2\assets\2_communication\manual_rescue_20260607_101333_original.png,file_f006c768e3968916,asset_0bdebd9b5f09c39e,ads,actionable,clean_fullscreen,raw,ads2\assets\2_communication,960,540,1,content:asset_0bdebd9b5f09c39e,test
ads_det_000022,vision_platform\ads\datasets\detector\action_candidate_20260719\images\ads_det_000022.png,D:\Projects\adb_vl\ads2\assets\2_communication\manual_rescue_20260607_144904_edit.png,ads2\assets\2_communication\manual_rescue_20260607_144904_edit.png,file_930ab51f7142d475,asset_278755527ca1a3e5,ads,actionable,clean_fullscreen,raw,ads2\assets\2_communication,960,540,1,content:asset_278755527ca1a3e5,train
ads_det_000023,vision_platform\ads\datasets\detector\action_candidate_20260719\images\ads_det_000023.png,D:\Projects\adb_vl\ads2\assets\2_communication\manual_rescue_20260607_144904_original.png,ads2\assets\2_communication\manual_rescue_20260607_144904_original.png,file_e0303f06c1dea025,asset_517dffb127e8e353,ads,actionable,clean_fullscreen,raw,ads2\assets\2_communication,960,540,1,content:asset_517dffb127e8e353,val
ads_det_000024,vision_platform\ads\datasets\detector\action_candidate_20260719\images\ads_det_000024.png,D:\Projects\adb_vl\ads2\assets\2_communication\manual_rescue_20260607_145346_edit.png,ads2\assets\2_communication\manual_rescue_20260607_145346_edit.png,file_f79203642ccdd8a7,asset_54284dbf33086654,ads,actionable,clean_fullscreen,raw,ads2\assets\2_communication,960,540,1,content:asset_54284dbf33086654,train
ads_det_000025,vision_platform\ads\datasets\detector\action_candidate_20260719\images\ads_det_000025.png,D:\Projects\adb_vl\ads2\assets\2_communication\manual_rescue_20260607_145346_original.png,ads2\assets\2_communication\manual_rescue_20260607_145346_original.png,file_e277a86da364ce73,asset_7711801e12745d2a,ads,actionable,clean_fullscreen,raw,ads2\assets\2_communication,960,540,1,content:asset_7711801e12745d2a,train
ads_det_000026,vision_platform\ads\datasets\detector\action_candidate_20260719\images\ads_det_000026.png,D:\Projects\adb_vl\ads2\assets\2_communication\manual_rescue_20260607_145608_edit.png,ads2\assets\2_communication\manual_rescue_20260607_145608_edit.png,file_c888bac3e43fdb07,asset_cdf3bcbb678fb092,ads,actionable,clean_fullscreen,raw,ads2\assets\2_communication,960,540,1,content:asset_cdf3bcbb678fb092,train
ads_det_000027,vision_platform\ads\datasets\detector\action_candidate_20260719\images\ads_det_000027.png,D:\Projects\adb_vl\ads2\assets\2_communication\manual_rescue_20260607_145608_original.png,ads2\assets\2_communication\manual_rescue_20260607_145608_original.png,file_836b44de324f1b1a,asset_88d4e00731bb83a4,ads,actionable,clean_fullscreen,raw,ads2\assets\2_communication,960,540,1,content:asset_88d4e00731bb83a4,train
ads_det_000028,vision_platform\ads\datasets\detector\action_candidate_20260719\images\ads_det_000028.png,D:\Projects\adb_vl\ads2\assets\2_communication\manual_rescue_20260607_150413_edit.png,ads2\assets\2_communication\manual_rescue_20260607_150413_edit.png,file_6dac895af9d30ef2,asset_ee7c08a720254382,ads,actionable,clean_fullscreen,raw,ads2\assets\2_communication,960,540,1,content:asset_ee7c08a720254382,train
ads_det_000029,vision_platform\ads\datasets\detector\action_candidate_20260719\images\ads_det_000029.png,D:\Projects\adb_vl\ads2\assets\2_communication\manual_rescue_20260607_150413_original.png,ads2\assets\2_communication\manual_rescue_20260607_150413_original.png,file_36c42bd7e00afcdc,asset_003a3c06113bbe55,ads,actionable,clean_fullscreen,raw,ads2\assets\2_communication,960,540,1,content:asset_003a3c06113bbe55,train
ads_det_000030,vision_platform\ads\datasets\detector\action_candidate_20260719\images\ads_det_000030.png,D:\Projects\adb_vl\ads2\assets\2_communication\manual_rescue_20260607_150759_edit.png,ads2\assets\2_communication\manual_rescue_20260607_150759_edit.png,file_8a31e0f727b3b9cb,asset_36bc47380f8b1aa2,ads,actionable,clean_fullscreen,raw,ads2\assets\2_communication,960,540,1,content:asset_36bc47380f8b1aa2,train
ads_det_000031,vision_platform\ads\datasets\detector\action_candidate_20260719\images\ads_det_000031.png,D:\Projects\adb_vl\ads2\assets\2_communication\manual_rescue_20260607_150759_original.png,ads2\assets\2_communication\manual_rescue_20260607_150759_original.png,file_6498acc37b738765,asset_e944939861a0d57c,ads,actionable,clean_fullscreen,raw,ads2\assets\2_communication,960,540,1,content:asset_e944939861a0d57c,test
ads_det_000032,vision_platform\ads\datasets\detector\action_candidate_20260719\images\ads_det_000032.png,D:\Projects\adb_vl\ads2\assets\2_communication\manual_rescue_20260607_151902_edit.png,ads2\assets\2_communication\manual_rescue_20260607_151902_edit.png,file_1922bb97a02f78e7,asset_0ef85ef6c3008061,ads,actionable,clean_fullscreen,raw,ads2\assets\2_communication,960,540,1,content:asset_0ef85ef6c3008061,train
ads_det_000033,vision_platform\ads\datasets\detector\action_candidate_20260719\images\ads_det_000033.png,D:\Projects\adb_vl\ads2\assets\2_communication\manual_rescue_20260607_151902_original.png,ads2\assets\2_communication\manual_rescue_20260607_151902_original.png,file_44d80f437474f51b,asset_84c479c28cc73674,ads,actionable,clean_fullscreen,raw,ads2\assets\2_communication,960,540,1,content:asset_84c479c28cc73674,train
ads_det_000034,vision_platform\ads\datasets\detector\action_candidate_20260719\images\ads_det_000034.png,D:\Projects\adb_vl\ads2\assets\2_communication\manual_rescue_20260607_153732_edit.png,ads2\assets\2_communication\manual_rescue_20260607_153732_edit.png,file_ec7b16077fbaef43,asset_452c73fab94708e2,ads,actionable,clean_fullscreen,raw,ads2\assets\2_communication,960,540,1,content:asset_452c73fab94708e2,train
ads_det_000035,vision_platform\ads\datasets\detector\action_candidate_20260719\images\ads_det_000035.png,D:\Projects\adb_vl\ads2\assets\2_communication\manual_rescue_20260607_153732_original.png,ads2\assets\2_communication\manual_rescue_20260607_153732_original.png,file_1f61fa69df283b55,asset_6b5f8cdfb057831b,ads,actionable,clean_fullscreen,raw,ads2\assets\2_communication,960,540,1,content:asset_6b5f8cdfb057831b,val
ads_det_000036,vision_platform\ads\datasets\detector\action_candidate_20260719\images\ads_det_000036.png,D:\Projects\adb_vl\ads2\assets\2_communication\manual_rescue_20260607_154252_edit.png,ads2\assets\2_communication\manual_rescue_20260607_154252_edit.png,file_596fe48bf09caa19,asset_6cb8dabf6719aa9f,ads,actionable,clean_fullscreen,raw,ads2\assets\2_communication,960,540,1,content:asset_6cb8dabf6719aa9f,train
ads_det_000037,vision_platform\ads\datasets\detector\action_candidate_20260719\images\ads_det_000037.png,D:\Projects\adb_vl\ads2\assets\2_communication\manual_rescue_20260607_154252_original.png,ads2\assets\2_communication\manual_rescue_20260607_154252_original.png,file_7bf7eaa14bb5cddc,asset_979a7f289e8b2244,ads,actionable,clean_fullscreen,raw,ads2\assets\2_communication,960,540,1,content:asset_979a7f289e8b2244,test
ads_det_000038,vision_platform\ads\datasets\detector\action_candidate_20260719\images\ads_det_000038.png,D:\Projects\adb_vl\ads2\assets\2_communication\manual_rescue_20260607_161122_edit.png,ads2\assets\2_communication\manual_rescue_20260607_161122_edit.png,file_e7bee6618f781e5d,asset_db6a9540a21dfe61,shared,actionable,clean_fullscreen,raw,ads2\assets\2_communication,960,540,1,content:asset_db6a9540a21dfe61,val
ads_det_000039,vision_platform\ads\datasets\detector\action_candidate_20260719\images\ads_det_000039.png,D:\Projects\adb_vl\ads2\assets\2_communication\manual_rescue_20260607_161122_original.png,ads2\assets\2_communication\manual_rescue_20260607_161122_original.png,file_70f4558ba79f206e,asset_b26970a43dfdf0e2,shared,actionable,clean_fullscreen,raw,ads2\assets\2_communication,960,540,1,content:asset_b26970a43dfdf0e2,train
ads_det_000040,vision_platform\ads\datasets\detector\action_candidate_20260719\images\ads_det_000040.png,D:\Projects\adb_vl\ads2\assets\2_communication\manual_rescue_20260607_161244_original.png,ads2\assets\2_communication\manual_rescue_20260607_161244_original.png,file_50e3a7f3bec0e370,asset_148fb06adfea06f2,shared,actionable,clean_fullscreen,raw,ads2\assets\2_communication,960,540,1,content:asset_148fb06adfea06f2,train
ads_det_000041,vision_platform\ads\datasets\detector\action_candidate_20260719\images\ads_det_000041.png,D:\Projects\adb_vl\ads2\assets\2_communication\manual_rescue_20260607_163135_edit.png,ads2\assets\2_communication\manual_rescue_20260607_163135_edit.png,file_958cead94d8e1841,asset_3205a944e419dafa,ads,actionable,clean_fullscreen,raw,ads2\assets\2_communication,960,540,1,content:asset_3205a944e419dafa,train
ads_det_000042,vision_platform\ads\datasets\detector\action_candidate_20260719\images\ads_det_000042.png,D:\Projects\adb_vl\ads2\assets\2_communication\manual_rescue_20260607_163135_original.png,ads2\assets\2_communication\manual_rescue_20260607_163135_original.png,file_fb0a9f57a7a57a2c,asset_9a48f187dd79d17e,ads,actionable,clean_fullscreen,raw,ads2\assets\2_communication,960,540,1,content:asset_9a48f187dd79d17e,train
ads_det_000043,vision_platform\ads\datasets\detector\action_candidate_20260719\images\ads_det_000043.png,D:\Projects\adb_vl\ads2\assets\2_communication\manual_rescue_20260607_163211_edit.png,ads2\assets\2_communication\manual_rescue_20260607_163211_edit.png,file_9e466ed58c8c5e3f,asset_419b00ac3f9e1f40,ads,actionable,clean_fullscreen,raw,ads2\assets\2_communication,960,540,1,content:asset_419b00ac3f9e1f40,train
ads_det_000044,vision_platform\ads\datasets\detector\action_candidate_20260719\images\ads_det_000044.png,D:\Projects\adb_vl\ads2\assets\2_communication\manual_rescue_20260607_164029_edit.png,ads2\assets\2_communication\manual_rescue_20260607_164029_edit.png,file_cd7e7dc9299374b5,asset_256291946681e495,ads,actionable,clean_fullscreen,raw,ads2\assets\2_communication,960,540,1,content:asset_256291946681e495,train
ads_det_000045,vision_platform\ads\datasets\detector\action_candidate_20260719\images\ads_det_000045.png,D:\Projects\adb_vl\ads2\assets\2_communication\manual_rescue_20260607_164029_original.png,ads2\assets\2_communication\manual_rescue_20260607_164029_original.png,file_d81dd31cef471171,asset_e7315be7635cfbe4,ads,actionable,clean_fullscreen,raw,ads2\assets\2_communication,960,540,1,content:asset_e7315be7635cfbe4,train
ads_det_000046,vision_platform\ads\datasets\detector\action_candidate_20260719\images\ads_det_000046.png,D:\Projects\adb_vl\ads2\assets\2_communication\manual_rescue_20260607_164127_edit.png,ads2\assets\2_communication\manual_rescue_20260607_164127_edit.png,file_3d0482656b66a8c7,asset_5522d341e2105ef8,ads,actionable,clean_fullscreen,raw,ads2\assets\2_communication,960,540,1,content:asset_5522d341e2105ef8,train
ads_det_000047,vision_platform\ads\datasets\detector\action_candidate_20260719\images\ads_det_000047.png,D:\Projects\adb_vl\ads2\assets\2_communication\manual_rescue_20260607_165932_edit.png,ads2\assets\2_communication\manual_rescue_20260607_165932_edit.png,file_29cd8a9b6ed552f6,asset_84d107a9ad22d8c6,ads,actionable,clean_fullscreen,raw,ads2\assets\2_communication,960,540,1,content:asset_84d107a9ad22d8c6,val
ads_det_000048,vision_platform\ads\datasets\detector\action_candidate_20260719\images\ads_det_000048.png,D:\Projects\adb_vl\ads2\assets\2_communication\manual_rescue_20260607_165932_original.png,ads2\assets\2_communication\manual_rescue_20260607_165932_original.png,file_bed48f9ad2be2f33,asset_8ba1bdf15ecbae79,ads,actionable,clean_fullscreen,raw,ads2\assets\2_communication,960,540,1,content:asset_8ba1bdf15ecbae79,train
ads_det_000049,vision_platform\ads\datasets\detector\action_candidate_20260719\images\ads_det_000049.png,D:\Projects\adb_vl\ads2\assets\2_communication\manual_rescue_20260608_082319_edit.png,ads2\assets\2_communication\manual_rescue_20260608_082319_edit.png,file_7b1e49249bd69d55,asset_8cc868336d8add69,ads,actionable,clean_fullscreen,raw,ads2\assets\2_communication,960,540,1,content:asset_8cc868336d8add69,train
ads_det_000050,vision_platform\ads\datasets\detector\action_candidate_20260719\images\ads_det_000050.png,D:\Projects\adb_vl\ads2\assets\2_communication\manual_rescue_20260608_082319_original.png,ads2\assets\2_communication\manual_rescue_20260608_082319_original.png,file_e75ab06843e8ce99,asset_391384dd5e30726d,ads,actionable,clean_fullscreen,raw,ads2\assets\2_communication,960,540,1,content:asset_391384dd5e30726d,test
ads_det_000052,vision_platform\ads\datasets\detector\action_candidate_20260719\images\ads_det_000052.png,D:\Projects\adb_vl\ads2\assets\2_communication\manual_rescue_20260609_091118_edit.png,ads2\assets\2_communication\manual_rescue_20260609_091118_edit.png,file_964499e8c824d89b,asset_0400fa765d75f34b,shared,actionable,clean_fullscreen,raw,ads2\assets\2_communication,960,540,4,content:asset_0400fa765d75f34b,train
ads_det_000053,vision_platform\ads\datasets\detector\action_candidate_20260719\images\ads_det_000053.png,D:\Projects\adb_vl\ads2\assets\2_communication\manual_rescue_20260609_093141_edit.png,ads2\assets\2_communication\manual_rescue_20260609_093141_edit.png,file_756d1099ec107314,asset_0d5f9440bc991aa0,ads,actionable,clean_fullscreen,raw,ads2\assets\2_communication,960,540,1,content:asset_0d5f9440bc991aa0,train
ads_det_000054,vision_platform\ads\datasets\detector\action_candidate_20260719\images\ads_det_000054.png,D:\Projects\adb_vl\ads2\assets\2_communication\manual_rescue_20260609_093141_original.png,ads2\assets\2_communication\manual_rescue_20260609_093141_original.png,file_30d80381e71c4229,asset_011d6b03e2375afe,ads,actionable,clean_fullscreen,raw,ads2\assets\2_communication,960,540,1,content:asset_011d6b03e2375afe,train
ads_det_000055,vision_platform\ads\datasets\detector\action_candidate_20260719\images\ads_det_000055.png,D:\Projects\adb_vl\ads2\assets\2_communication\manual_rescue_20260610_151332_edit.png,ads2\assets\2_communication\manual_rescue_20260610_151332_edit.png,file_54649dd854c2aebf,asset_35050faa6b11f353,shared,actionable,clean_fullscreen,raw,ads2\assets\2_communication,960,540,1,content:asset_35050faa6b11f353,train
ads_det_000056,vision_platform\ads\datasets\detector\action_candidate_20260719\images\ads_det_000056.png,D:\Projects\adb_vl\ads2\assets\2_communication\manual_rescue_20260610_151332_original.png,ads2\assets\2_communication\manual_rescue_20260610_151332_original.png,file_100daa938b119d8f,asset_0062ef6acaf85735,shared,actionable,clean_fullscreen,raw,ads2\assets\2_communication,960,540,1,content:asset_0062ef6acaf85735,val
ads_det_000057,vision_platform\ads\datasets\detector\action_candidate_20260719\images\ads_det_000057.png,D:\Projects\adb_vl\ads2\assets\2_communication\manual_rescue_20260610_151458_edit.png,ads2\assets\2_communication\manual_rescue_20260610_151458_edit.png,file_d3915cb50f438194,asset_be156523a3ab5abe,shared,actionable,clean_fullscreen,raw,ads2\assets\2_communication,960,540,1,content:asset_be156523a3ab5abe,test
ads_det_000058,vision_platform\ads\datasets\detector\action_candidate_20260719\images\ads_det_000058.png,D:\Projects\adb_vl\ads2\assets\2_communication\manual_rescue_20260610_151458_original.png,ads2\assets\2_communication\manual_rescue_20260610_151458_original.png,file_5f84afe3e6c04d9a,asset_784538fdbee4d196,shared,actionable,clean_fullscreen,raw,ads2\assets\2_communication,960,540,1,content:asset_784538fdbee4d196,train
ads_det_000059,vision_platform\ads\datasets\detector\action_candidate_20260719\images\ads_det_000059.png,D:\Projects\adb_vl\ads2\assets\2_communication\manual_rescue_20260610_153906_edit.png,ads2\assets\2_communication\manual_rescue_20260610_153906_edit.png,file_02c2144cc30cfbe9,asset_fbfb7241e62d249b,shared,actionable,clean_fullscreen,raw,ads2\assets\2_communication,960,540,1,content:asset_fbfb7241e62d249b,train
ads_det_000060,vision_platform\ads\datasets\detector\action_candidate_20260719\images\ads_det_000060.png,D:\Projects\adb_vl\ads2\assets\2_communication\manual_rescue_20260610_153906_original.png,ads2\assets\2_communication\manual_rescue_20260610_153906_original.png,file_7f8ff5b6a7200fb8,asset_989c6569acc7af32,shared,actionable,clean_fullscreen,raw,ads2\assets\2_communication,960,540,1,content:asset_989c6569acc7af32,val
ads_det_000061,vision_platform\ads\datasets\detector\action_candidate_20260719\images\ads_det_000061.png,D:\Projects\adb_vl\ads2\assets\2_communication\manual_rescue_20260610_153949_edit.png,ads2\assets\2_communication\manual_rescue_20260610_153949_edit.png,file_89900fa83979cda8,asset_333319d3f78eed9a,shared,actionable,clean_fullscreen,raw,ads2\assets\2_communication,960,540,1,content:asset_333319d3f78eed9a,val
ads_det_000062,vision_platform\ads\datasets\detector\action_candidate_20260719\images\ads_det_000062.png,D:\Projects\adb_vl\ads2\assets\2_communication\manual_rescue_20260610_161942_edit.png,ads2\assets\2_communication\manual_rescue_20260610_161942_edit.png,file_af69e9cd56b95901,asset_bec79d4dc79846ec,shared,actionable,clean_fullscreen,raw,ads2\assets\2_communication,960,540,1,content:asset_bec79d4dc79846ec,train
ads_det_000063,vision_platform\ads\datasets\detector\action_candidate_20260719\images\ads_det_000063.png,D:\Projects\adb_vl\ads2\assets\2_communication\manual_rescue_20260610_161942_original.png,ads2\assets\2_communication\manual_rescue_20260610_161942_original.png,file_66430019a71b7b32,asset_404f88ea5573b3a0,shared,actionable,clean_fullscreen,raw,ads2\assets\2_communication,960,540,1,content:asset_404f88ea5573b3a0,train
ads_det_000064,vision_platform\ads\datasets\detector\action_candidate_20260719\images\ads_det_000064.png,D:\Projects\adb_vl\ads2\assets\2_communication\manual_rescue_20260610_162023_edit.png,ads2\assets\2_communication\manual_rescue_20260610_162023_edit.png,file_17c948c4450ba29c,asset_beac250e4661b225,shared,actionable,clean_fullscreen,raw,ads2\assets\2_communication,960,540,1,content:asset_beac250e4661b225,val
ads_det_000065,vision_platform\ads\datasets\detector\action_candidate_20260719\images\ads_det_000065.png,D:\Projects\adb_vl\ads2\assets\2_communication\manual_rescue_20260611_111718_edit.png,ads2\assets\2_communication\manual_rescue_20260611_111718_edit.png,file_00664230c15bf43f,asset_4a60143af235e4d4,shared,actionable,clean_fullscreen,raw,ads2\assets\2_communication,960,540,1,content:asset_4a60143af235e4d4,train
ads_det_000066,vision_platform\ads\datasets\detector\action_candidate_20260719\images\ads_det_000066.png,D:\Projects\adb_vl\ads2\assets\2_communication\manual_rescue_20260611_111718_original.png,ads2\assets\2_communication\manual_rescue_20260611_111718_original.png,file_c4ec37986cd6235f,asset_297f7e488e946558,shared,actionable,clean_fullscreen,raw,ads2\assets\2_communication,960,540,1,content:asset_297f7e488e946558,train
ads_det_000067,vision_platform\ads\datasets\detector\action_candidate_20260719\images\ads_det_000067.png,D:\Projects\adb_vl\ads2\assets\2_communication\manual_rescue_20260611_111745_edit.png,ads2\assets\2_communication\manual_rescue_20260611_111745_edit.png,file_bd70b239a5fbea1e,asset_74d5a532c042508d,shared,actionable,clean_fullscreen,raw,ads2\assets\2_communication,960,540,1,content:asset_74d5a532c042508d,train
ads_det_000068,vision_platform\ads\datasets\detector\action_candidate_20260719\images\ads_det_000068.png,D:\Projects\adb_vl\ads2\assets\2_communication\manual_rescue_20260611_111745_original.png,ads2\assets\2_communication\manual_rescue_20260611_111745_original.png,file_c1fdec59744aed96,asset_d38989a326a68217,shared,actionable,clean_fullscreen,raw,ads2\assets\2_communication,960,540,1,content:asset_d38989a326a68217,train
ads_det_000069,vision_platform\ads\datasets\detector\action_candidate_20260719\images\ads_det_000069.png,D:\Projects\adb_vl\ads2\assets\2_communication\manual_rescue_20260613_064842_edit.png,ads2\assets\2_communication\manual_rescue_20260613_064842_edit.png,file_3f49ab4910595497,asset_68033ccf05c6f07c,ads,actionable,clean_fullscreen,raw,ads2\assets\2_communication,960,540,1,content:asset_68033ccf05c6f07c,val
ads_det_000070,vision_platform\ads\datasets\detector\action_candidate_20260719\images\ads_det_000070.png,D:\Projects\adb_vl\ads2\assets\2_communication\manual_rescue_20260613_064842_original.png,ads2\assets\2_communication\manual_rescue_20260613_064842_original.png,file_5bd2e84e4b65a94b,asset_efd1608a9c659131,ads,actionable,clean_fullscreen,raw,ads2\assets\2_communication,960,540,1,content:asset_efd1608a9c659131,train
ads_det_000071,vision_platform\ads\datasets\detector\action_candidate_20260719\images\ads_det_000071.png,D:\Projects\adb_vl\ads2\assets\2_communication\manual_rescue_20260613_083556_edit.png,ads2\assets\2_communication\manual_rescue_20260613_083556_edit.png,file_cbc748e26d09fc65,asset_625cf2818929c1d0,shared,actionable,clean_fullscreen,raw,ads2\assets\2_communication,960,540,1,content:asset_625cf2818929c1d0,test
ads_det_000072,vision_platform\ads\datasets\detector\action_candidate_20260719\images\ads_det_000072.png,D:\Projects\adb_vl\ads2\assets\2_communication\manual_rescue_20260613_145759_edit.png,ads2\assets\2_communication\manual_rescue_20260613_145759_edit.png,file_88fcbdea1d5d9255,asset_a5f588e5f344bd43,ads,actionable,clean_fullscreen,raw,ads2\assets\2_communication,960,540,1,content:asset_a5f588e5f344bd43,train
ads_det_000073,vision_platform\ads\datasets\detector\action_candidate_20260719\images\ads_det_000073.png,D:\Projects\adb_vl\ads2\assets\2_communication\manual_rescue_20260613_145759_original.png,ads2\assets\2_communication\manual_rescue_20260613_145759_original.png,file_fb32fd3ff288c730,asset_c43fdae72ed2e2d5,ads,actionable,clean_fullscreen,raw,ads2\assets\2_communication,960,540,1,content:asset_c43fdae72ed2e2d5,train
ads_det_000074,vision_platform\ads\datasets\detector\action_candidate_20260719\images\ads_det_000074.png,D:\Projects\adb_vl\ads2\assets\2_communication\manual_rescue_20260613_145852_edit.png,ads2\assets\2_communication\manual_rescue_20260613_145852_edit.png,file_d5d7c89bd289b315,asset_327e4b7be8c60bf7,ads,actionable,clean_fullscreen,raw,ads2\assets\2_communication,960,540,1,content:asset_327e4b7be8c60bf7,train
ads_det_000075,vision_platform\ads\datasets\detector\action_candidate_20260719\images\ads_det_000075.png,D:\Projects\adb_vl\ads2\assets\2_communication\manual_rescue_20260613_145852_original.png,ads2\assets\2_communication\manual_rescue_20260613_145852_original.png,file_9d1febe871779b70,asset_62b34680da624599,ads,actionable,clean_fullscreen,raw,ads2\assets\2_communication,960,540,1,content:asset_62b34680da624599,train
ads_det_000076,vision_platform\ads\datasets\detector\action_candidate_20260719\images\ads_det_000076.png,D:\Projects\adb_vl\ads2\assets\2_communication\manual_rescue_20260613_152650_edit.png,ads2\assets\2_communication\manual_rescue_20260613_152650_edit.png,file_4faf51f7efdcb762,asset_4b74d5405d484b1e,ads,actionable,clean_fullscreen,raw,ads2\assets\2_communication,960,540,1,content:asset_4b74d5405d484b1e,val
ads_det_000077,vision_platform\ads\datasets\detector\action_candidate_20260719\images\ads_det_000077.png,D:\Projects\adb_vl\ads2\assets\2_communication\manual_rescue_20260613_152650_original.png,ads2\assets\2_communication\manual_rescue_20260613_152650_original.png,file_d014693b458b08fa,asset_09aaf3abab38f7ff,ads,actionable,clean_fullscreen,raw,ads2\assets\2_communication,960,540,1,content:asset_09aaf3abab38f7ff,train
ads_det_000078,vision_platform\ads\datasets\detector\action_candidate_20260719\images\ads_det_000078.png,D:\Projects\adb_vl\ads2\assets\2_communication\manual_rescue_20260613_152827_edit.png,ads2\assets\2_communication\manual_rescue_20260613_152827_edit.png,file_b650e197c95d1bd6,asset_8281ebec570c03d6,ads,actionable,clean_fullscreen,raw,ads2\assets\2_communication,960,540,1,content:asset_8281ebec570c03d6,train
ads_det_000079,vision_platform\ads\datasets\detector\action_candidate_20260719\images\ads_det_000079.png,D:\Projects\adb_vl\ads2\assets\2_communication\manual_rescue_20260613_152827_original.png,ads2\assets\2_communication\manual_rescue_20260613_152827_original.png,file_80a71757ba9b2849,asset_09e2530be65c8860,ads,actionable,clean_fullscreen,raw,ads2\assets\2_communication,960,540,1,content:asset_09e2530be65c8860,val
ads_det_000080,vision_platform\ads\datasets\detector\action_candidate_20260719\images\ads_det_000080.png,D:\Projects\adb_vl\ads2\assets\2_communication\manual_rescue_20260613_153604_edit.png,ads2\assets\2_communication\manual_rescue_20260613_153604_edit.png,file_ea31e3232404f803,asset_739e43c6fb3d6ba0,ads,actionable,clean_fullscreen,raw,ads2\assets\2_communication,960,540,1,content:asset_739e43c6fb3d6ba0,train
ads_det_000081,vision_platform\ads\datasets\detector\action_candidate_20260719\images\ads_det_000081.png,D:\Projects\adb_vl\ads2\assets\2_communication\manual_rescue_20260613_153604_original.png,ads2\assets\2_communication\manual_rescue_20260613_153604_original.png,file_30e20ba407f2e735,asset_be918d46cdab9963,ads,actionable,clean_fullscreen,raw,ads2\assets\2_communication,960,540,1,content:asset_be918d46cdab9963,test
ads_det_000082,vision_platform\ads\datasets\detector\action_candidate_20260719\images\ads_det_000082.png,D:\Projects\adb_vl\ads2\assets\2_communication\manual_rescue_20260613_154118_edit.png,ads2\assets\2_communication\manual_rescue_20260613_154118_edit.png,file_abeea71426d40417,asset_d62f49a9b89208ee,ads,actionable,clean_fullscreen,raw,ads2\assets\2_communication,960,540,1,content:asset_d62f49a9b89208ee,train
ads_det_000083,vision_platform\ads\datasets\detector\action_candidate_20260719\images\ads_det_000083.png,D:\Projects\adb_vl\ads2\assets\2_communication\manual_rescue_20260613_154118_original.png,ads2\assets\2_communication\manual_rescue_20260613_154118_original.png,file_f01910615219089c,asset_b2e458fd374211e9,ads,actionable,clean_fullscreen,raw,ads2\assets\2_communication,960,540,1,content:asset_b2e458fd374211e9,test
ads_det_000086,vision_platform\ads\datasets\detector\action_candidate_20260719\images\ads_det_000086.png,D:\Projects\adb_vl\ads2\assets\2_communication\manual_rescue_20260614_150919_edit.png,ads2\assets\2_communication\manual_rescue_20260614_150919_edit.png,file_8b220e19790c2298,asset_4cc22374792bd870,ads,actionable,clean_fullscreen,raw,ads2\assets\2_communication,960,540,1,content:asset_4cc22374792bd870,train
ads_det_000087,vision_platform\ads\datasets\detector\action_candidate_20260719\images\ads_det_000087.png,D:\Projects\adb_vl\ads2\assets\2_communication\manual_rescue_20260614_150919_original.png,ads2\assets\2_communication\manual_rescue_20260614_150919_original.png,file_36d2228858cb0cce,asset_adbff24fa4cef34d,ads,actionable,clean_fullscreen,raw,ads2\assets\2_communication,960,540,1,content:asset_adbff24fa4cef34d,train
ads_det_000092,vision_platform\ads\datasets\detector\action_candidate_20260719\images\ads_det_000092.png,D:\Projects\adb_vl\ads2\assets\2_communication\manual_rescue_20260614_155157_edit.png,ads2\assets\2_communication\manual_rescue_20260614_155157_edit.png,file_164a2c3f6130317e,asset_60d328a08c9a6aaf,ads,actionable,clean_fullscreen,raw,ads2\assets\2_communication,960,540,1,content:asset_60d328a08c9a6aaf,train
ads_det_000093,vision_platform\ads\datasets\detector\action_candidate_20260719\images\ads_det_000093.png,D:\Projects\adb_vl\ads2\assets\2_communication\manual_rescue_20260614_155157_original.png,ads2\assets\2_communication\manual_rescue_20260614_155157_original.png,file_51e4398b2c2b97f4,asset_a147534feac4f9fe,ads,actionable,clean_fullscreen,raw,ads2\assets\2_communication,960,540,1,content:asset_a147534feac4f9fe,train
ads_det_000096,vision_platform\ads\datasets\detector\action_candidate_20260719\images\ads_det_000096.png,D:\Projects\adb_vl\ads2\assets\2_communication\manual_rescue_20260615_082502_edit.png,ads2\assets\2_communication\manual_rescue_20260615_082502_edit.png,file_e78cdbed66e90571,asset_0772e77ac58154c7,ads,actionable,clean_fullscreen,raw,ads2\assets\2_communication,960,540,1,content:asset_0772e77ac58154c7,train
ads_det_000097,vision_platform\ads\datasets\detector\action_candidate_20260719\images\ads_det_000097.png,D:\Projects\adb_vl\ads2\assets\2_communication\manual_rescue_20260615_082502_original.png,ads2\assets\2_communication\manual_rescue_20260615_082502_original.png,file_608055de17005875,asset_0b038a10b6c750bf,ads,actionable,clean_fullscreen,raw,ads2\assets\2_communication,960,540,1,content:asset_0b038a10b6c750bf,val
ads_det_000100,vision_platform\ads\datasets\detector\action_candidate_20260719\images\ads_det_000100.png,D:\Projects\adb_vl\ads2\assets\2_communication\manual_rescue_20260615_092805_edit.png,ads2\assets\2_communication\manual_rescue_20260615_092805_edit.png,file_a9031c67e781d454,asset_874adabac201e985,ads,actionable,clean_fullscreen,raw,ads2\assets\2_communication,960,540,1,content:asset_874adabac201e985,val
ads_det_000101,vision_platform\ads\datasets\detector\action_candidate_20260719\images\ads_det_000101.png,D:\Projects\adb_vl\ads2\assets\2_communication\manual_rescue_20260615_092805_original.png,ads2\assets\2_communication\manual_rescue_20260615_092805_original.png,file_da6ebf372514609a,asset_6233b442a775a94e,ads,actionable,clean_fullscreen,raw,ads2\assets\2_communication,960,540,1,content:asset_6233b442a775a94e,train
ads_det_000102,vision_platform\ads\datasets\detector\action_candidate_20260719\images\ads_det_000102.png,D:\Projects\adb_vl\ads2\assets\2_communication\manual_rescue_20260615_093211_edit.png,ads2\assets\2_communication\manual_rescue_20260615_093211_edit.png,file_eac8bdd9b1afbef9,asset_8b506144921e692e,shared,actionable,clean_fullscreen,raw,ads2\assets\2_communication,960,540,1,content:asset_8b506144921e692e,val
ads_det_000103,vision_platform\ads\datasets\detector\action_candidate_20260719\images\ads_det_000103.png,D:\Projects\adb_vl\ads2\assets\2_communication\manual_rescue_20260617_104135_edit.png,ads2\assets\2_communication\manual_rescue_20260617_104135_edit.png,file_930b0e954fd4d20f,asset_a1127cd78d9fdfe0,ads,actionable,clean_fullscreen,raw,ads2\assets\2_communication,960,540,1,content:asset_a1127cd78d9fdfe0,test
ads_det_000104,vision_platform\ads\datasets\detector\action_candidate_20260719\images\ads_det_000104.png,D:\Projects\adb_vl\ads2\assets\2_communication\manual_rescue_20260617_104135_original.png,ads2\assets\2_communication\manual_rescue_20260617_104135_original.png,file_ebae3e2cd1e60c0f,asset_e01f9b6db83bc730,ads,actionable,clean_fullscreen,raw,ads2\assets\2_communication,960,540,1,content:asset_e01f9b6db83bc730,train
ads_det_000107,vision_platform\ads\datasets\detector\action_candidate_20260719\images\ads_det_000107.png,D:\Projects\adb_vl\ads2\assets\2_communication\manual_rescue_20260624_122449_edit.png,ads2\assets\2_communication\manual_rescue_20260624_122449_edit.png,file_3476742336d99f85,asset_8cb870edb6b0eae0,ads,actionable,clean_fullscreen,raw,ads2\assets\2_communication,960,540,1,content:asset_8cb870edb6b0eae0,train
ads_det_000108,vision_platform\ads\datasets\detector\action_candidate_20260719\images\ads_det_000108.png,D:\Projects\adb_vl\ads2\assets\2_communication\manual_rescue_20260624_122449_original.png,ads2\assets\2_communication\manual_rescue_20260624_122449_original.png,file_b1346d2ef973ee63,asset_7f562fa0234169c2,ads,actionable,clean_fullscreen,raw,ads2\assets\2_communication,960,540,1,content:asset_7f562fa0234169c2,test
ads_det_000109,vision_platform\ads\datasets\detector\action_candidate_20260719\images\ads_det_000109.png,D:\Projects\adb_vl\ads2\assets\2_communication\manual_rescue_20260624_124749_edit.png,ads2\assets\2_communication\manual_rescue_20260624_124749_edit.png,file_571724a6f98e4c59,asset_d5764c150aa3271a,ads,actionable,clean_fullscreen,raw,ads2\assets\2_communication,960,540,1,content:asset_d5764c150aa3271a,train
ads_det_000110,vision_platform\ads\datasets\detector\action_candidate_20260719\images\ads_det_000110.png,D:\Projects\adb_vl\ads2\assets\2_communication\manual_rescue_20260624_124749_original.png,ads2\assets\2_communication\manual_rescue_20260624_124749_original.png,file_5c48d6bc2314a63a,asset_7c5afa1685004ea5,ads,actionable,clean_fullscreen,raw,ads2\assets\2_communication,960,540,1,content:asset_7c5afa1685004ea5,val
ads_det_000111,vision_platform\ads\datasets\detector\action_candidate_20260719\images\ads_det_000111.png,D:\Projects\adb_vl\ads2\assets\2_communication\manual_rescue_20260624_135856_edit.png,ads2\assets\2_communication\manual_rescue_20260624_135856_edit.png,file_3f3709245f8648f5,asset_2e9c0f72f8a906ff,ads,actionable,clean_fullscreen,raw,ads2\assets\2_communication,960,540,1,content:asset_2e9c0f72f8a906ff,train
ads_det_000112,vision_platform\ads\datasets\detector\action_candidate_20260719\images\ads_det_000112.png,D:\Projects\adb_vl\ads2\assets\2_communication\manual_rescue_20260624_135856_original.png,ads2\assets\2_communication\manual_rescue_20260624_135856_original.png,file_75de454102768585,asset_90e3e8ec409fe85c,ads,actionable,clean_fullscreen,raw,ads2\assets\2_communication,960,540,1,content:asset_90e3e8ec409fe85c,train
ads_det_000114,vision_platform\ads\datasets\detector\action_candidate_20260719\images\ads_det_000114.png,D:\Projects\adb_vl\ads2\assets\2_communication\manual_rescue_20260625_144927_edit.png,ads2\assets\2_communication\manual_rescue_20260625_144927_edit.png,file_0ff60244c2316f2f,asset_45b271ddcf104c5f,ads,actionable,clean_fullscreen,raw,ads2\assets\2_communication,960,540,1,content:asset_45b271ddcf104c5f,train
ads_det_000115,vision_platform\ads\datasets\detector\action_candidate_20260719\images\ads_det_000115.png,D:\Projects\adb_vl\ads2\assets\2_communication\manual_rescue_20260625_144927_original.png,ads2\assets\2_communication\manual_rescue_20260625_144927_original.png,file_985be4a18038c3c7,asset_e616283f4b7706bd,ads,actionable,clean_fullscreen,raw,ads2\assets\2_communication,960,540,1,content:asset_e616283f4b7706bd,train
ads_det_000116,vision_platform\ads\datasets\detector\action_candidate_20260719\images\ads_det_000116.png,D:\Projects\adb_vl\ads2\assets\2_communication\manual_rescue_20260625_144957_edit.png,ads2\assets\2_communication\manual_rescue_20260625_144957_edit.png,file_1e4f4b18bcc07ea6,asset_c81ab2155760df3c,ads,actionable,clean_fullscreen,raw,ads2\assets\2_communication,960,540,1,content:asset_c81ab2155760df3c,train
ads_det_000117,vision_platform\ads\datasets\detector\action_candidate_20260719\images\ads_det_000117.png,D:\Projects\adb_vl\ads2\assets\2_communication\manual_rescue_20260625_144957_original.png,ads2\assets\2_communication\manual_rescue_20260625_144957_original.png,file_fa29544185312375,asset_595638b8d7a34d3f,ads,actionable,clean_fullscreen,raw,ads2\assets\2_communication,960,540,1,content:asset_595638b8d7a34d3f,train
ads_det_000118,vision_platform\ads\datasets\detector\action_candidate_20260719\images\ads_det_000118.png,D:\Projects\adb_vl\ads2\assets\2_communication\manual_rescue_20260628_092450_edit.png,ads2\assets\2_communication\manual_rescue_20260628_092450_edit.png,file_9a362e65ff44e284,asset_c821d71772c59117,shared,actionable,clean_fullscreen,raw,ads2\assets\2_communication,960,540,3,content:asset_c821d71772c59117,train
ads_det_000119,vision_platform\ads\datasets\detector\action_candidate_20260719\images\ads_det_000119.png,D:\Projects\adb_vl\ads2\assets\2_communication\manual_rescue_20260629_105851_edit.png,ads2\assets\2_communication\manual_rescue_20260629_105851_edit.png,file_98d4aefb10ff3479,asset_ba6fe53170910093,ads,actionable,clean_fullscreen,raw,ads2\assets\2_communication,960,540,1,content:asset_ba6fe53170910093,test
ads_det_000120,vision_platform\ads\datasets\detector\action_candidate_20260719\images\ads_det_000120.png,D:\Projects\adb_vl\ads2\assets\2_communication\manual_rescue_20260629_105851_original.png,ads2\assets\2_communication\manual_rescue_20260629_105851_original.png,file_af833fb7e45331af,asset_8bcaa30d76665775,ads,actionable,clean_fullscreen,raw,ads2\assets\2_communication,960,540,1,content:asset_8bcaa30d76665775,train
ads_det_000121,vision_platform\ads\datasets\detector\action_candidate_20260719\images\ads_det_000121.png,D:\Projects\adb_vl\ads2\assets\2_communication\manual_rescue_20260630_190348_edit.png,ads2\assets\2_communication\manual_rescue_20260630_190348_edit.png,file_4a0b887cc1021121,asset_451d0b46a3a8854c,ads,actionable,clean_fullscreen,raw,ads2\assets\2_communication,960,540,1,content:asset_451d0b46a3a8854c,train
ads_det_000122,vision_platform\ads\datasets\detector\action_candidate_20260719\images\ads_det_000122.png,D:\Projects\adb_vl\ads2\assets\2_communication\manual_rescue_20260630_190348_original.png,ads2\assets\2_communication\manual_rescue_20260630_190348_original.png,file_a4972c7044ed599f,asset_154a6887d8c4149d,ads,actionable,clean_fullscreen,raw,ads2\assets\2_communication,960,540,1,content:asset_154a6887d8c4149d,train
ads_det_000124,vision_platform\ads\datasets\detector\action_candidate_20260719\images\ads_det_000124.png,D:\Projects\adb_vl\ads2\assets\2_communication\manual_rescue_20260703_113909_edit.png,ads2\assets\2_communication\manual_rescue_20260703_113909_edit.png,file_22ca921e76653352,asset_a3346f5bfa58e3d4,ads,actionable,clean_fullscreen,raw,ads2\assets\2_communication,960,540,1,content:asset_a3346f5bfa58e3d4,test
ads_det_000125,vision_platform\ads\datasets\detector\action_candidate_20260719\images\ads_det_000125.png,D:\Projects\adb_vl\ads2\assets\2_communication\manual_rescue_20260703_113909_original.png,ads2\assets\2_communication\manual_rescue_20260703_113909_original.png,file_7d456315cf4c9b23,asset_b5eba0c407852304,ads,actionable,clean_fullscreen,raw,ads2\assets\2_communication,960,540,1,content:asset_b5eba0c407852304,test
ads_det_000126,vision_platform\ads\datasets\detector\action_candidate_20260719\images\ads_det_000126.png,D:\Projects\adb_vl\ads2\assets\2_communication\manual_rescue_20260705_104432_edit.png,ads2\assets\2_communication\manual_rescue_20260705_104432_edit.png,file_57a8534623367f8d,asset_29c8125cc98990ef,ads,actionable,clean_fullscreen,raw,ads2\assets\2_communication,960,540,1,content:asset_29c8125cc98990ef,val
ads_det_000127,vision_platform\ads\datasets\detector\action_candidate_20260719\images\ads_det_000127.png,D:\Projects\adb_vl\ads2\assets\2_communication\manual_rescue_20260705_104516_edit.png,ads2\assets\2_communication\manual_rescue_20260705_104516_edit.png,file_ceaad6b701f5d5a4,asset_75d5fd01adf360e6,shared,actionable,clean_fullscreen,raw,ads2\assets\2_communication,960,540,1,content:asset_75d5fd01adf360e6,train
ads_det_000128,vision_platform\ads\datasets\detector\action_candidate_20260719\images\ads_det_000128.png,D:\Projects\adb_vl\ads2\assets\2_communication\manual_rescue_20260708_161712_edit.png,ads2\assets\2_communication\manual_rescue_20260708_161712_edit.png,file_bcec00f9c51b465c,asset_fe96e218d8ab27e9,ads,actionable,clean_fullscreen,raw,ads2\assets\2_communication,960,540,1,content:asset_fe96e218d8ab27e9,train
ads_det_000129,vision_platform\ads\datasets\detector\action_candidate_20260719\images\ads_det_000129.png,D:\Projects\adb_vl\ads2\assets\2_communication\manual_rescue_20260708_161712_original.png,ads2\assets\2_communication\manual_rescue_20260708_161712_original.png,file_871a1eaf8b898e17,asset_dffe72d06cbfb9bc,ads,actionable,clean_fullscreen,raw,ads2\assets\2_communication,960,540,1,content:asset_dffe72d06cbfb9bc,train
ads_det_000131,vision_platform\ads\datasets\detector\action_candidate_20260719\images\ads_det_000131.png,D:\Projects\adb_vl\ads2\assets\2_communication\manual_rescue_20260711_083559_edit.png,ads2\assets\2_communication\manual_rescue_20260711_083559_edit.png,file_8696a161a6854f90,asset_85f122e867a85630,ads,actionable,clean_fullscreen,raw,ads2\assets\2_communication,960,540,1,content:asset_85f122e867a85630,train
ads_det_000132,vision_platform\ads\datasets\detector\action_candidate_20260719\images\ads_det_000132.png,D:\Projects\adb_vl\ads2\assets\2_communication\manual_rescue_20260711_140522_edit.png,ads2\assets\2_communication\manual_rescue_20260711_140522_edit.png,file_d46b197168fee412,asset_411bd82c019bb4de,shared,actionable,clean_fullscreen,raw,ads2\assets\2_communication,960,540,1,content:asset_411bd82c019bb4de,test
ads_det_000133,vision_platform\ads\datasets\detector\action_candidate_20260719\images\ads_det_000133.png,D:\Projects\adb_vl\ads2\assets\2_communication\manual_rescue_20260711_140522_original.png,ads2\assets\2_communication\manual_rescue_20260711_140522_original.png,file_5204cddb94e64d8e,asset_8089d3ec2f3418e0,shared,actionable,clean_fullscreen,raw,ads2\assets\2_communication,960,540,1,content:asset_8089d3ec2f3418e0,train
ads_det_000134,vision_platform\ads\datasets\detector\action_candidate_20260719\images\ads_det_000134.png,D:\Projects\adb_vl\ads2\assets\2_communication\manual_rescue_20260711_140632_edit.png,ads2\assets\2_communication\manual_rescue_20260711_140632_edit.png,file_04613673a2a00b41,asset_8ca75c26bac1b84b,shared,actionable,clean_fullscreen,raw,ads2\assets\2_communication,960,540,1,content:asset_8ca75c26bac1b84b,train
ads_det_000135,vision_platform\ads\datasets\detector\action_candidate_20260719\images\ads_det_000135.png,D:\Projects\adb_vl\ads2\assets\2_communication\manual_rescue_20260711_140632_original.png,ads2\assets\2_communication\manual_rescue_20260711_140632_original.png,file_396e311ee8626082,asset_191230a348180ff4,shared,actionable,clean_fullscreen,raw,ads2\assets\2_communication,960,540,1,content:asset_191230a348180ff4,test
ads_det_000136,vision_platform\ads\datasets\detector\action_candidate_20260719\images\ads_det_000136.png,D:\Projects\adb_vl\ads2\assets\2_communication\manual_rescue_20260712_091320_edit.png,ads2\assets\2_communication\manual_rescue_20260712_091320_edit.png,file_49bc9301264dc5e6,asset_6cdf6ededf658177,shared,actionable,clean_fullscreen,raw,ads2\assets\2_communication,960,540,1,content:asset_6cdf6ededf658177,train
ads_det_000137,vision_platform\ads\datasets\detector\action_candidate_20260719\images\ads_det_000137.png,D:\Projects\adb_vl\ads2\assets\3_reference_screens\ad_close_20260605_071601.png,ads2\assets\3_reference_screens\ad_close_20260605_071601.png,file_64d49b0439134d8f,asset_65fa0038dcac2a45,ads,actionable,clean_fullscreen,raw,ads2\assets\3_reference_screens,960,540,1,content:asset_65fa0038dcac2a45,val
